k,date,status,jb_stat,jb_p,skew,ex_kurt,all_pass
0,,baseline,411.4873192815727,4.432655005956592e-90,-0.12552396779974284,3.2694673193600483,False
1,2023-02-07,effective,236.26450097299974,4.963813763387827e-52,-0.13991417797735647,2.4703808139393786,False
2,2025-03-19,effective,105.48869946476186,1.239995073322599e-23,0.029783749910267745,1.6624275591312854,False
3,2023-05-11,effective,68.23068728995283,1.5271950465422737e-15,-0.03348723229534928,1.3374313505044748,False
4,2023-01-05,effective,50.5650936577518,1.0469583953188453e-11,0.029376213906386294,1.1521925768062466,False
5,2023-10-25,effective,38.60832943773241,4.133403328360266e-09,0.10361725815567295,0.9871149056436721,False
6,2023-02-03,effective,31.657496273293624,1.3355557726376625e-07,0.09830876296516128,0.8925065570533501,False
7,2025-06-30,effective,25.48204436821114,2.928494222985974e-06,0.06145365408244039,0.8114852230055121,False
8,2025-03-21,effective,19.622012887679556,5.484462098184008e-05,0.10661719250565974,0.6883254673411701,False
9,2025-09-15,effective,14.962866493148114,0.0005634492748357292,0.06596107870565529,0.6163314571177825,False
10,2026-05-21,effective,11.571460002909113,0.0030710676735132033,0.09262159224349208,0.5228197344975598,False
11,2023-01-11,effective,9.016434761602207,0.011018083727538073,0.08513648785066866,0.4597631715197492,False
12,2023-06-05,effective,7.1242829025379,0.028377989517965177,0.06421899987317445,0.4173407678218206,False
13,2024-04-05,effective,5.578609589064011,0.06146392912496806,0.038866494577551494,0.3794516479382368,True
14,2023-02-01,unnecessary,5.578609589064011,0.06146392912496806,0.038866494577551494,0.3794516479382368,True
15,2023-05-15,unnecessary,5.578609589064011,0.06146392912496806,0.038866494577551494,0.3794516479382368,True
16,2024-08-05,unnecessary,5.578609589064011,0.06146392912496806,0.038866494577551494,0.3794516479382368,True
17,2026-09-16,unnecessary,5.578609589064011,0.06146392912496806,0.038866494577551494,0.3794516479382368,True
18,2023-01-12,unnecessary,5.578609589064011,0.06146392912496806,0.038866494577551494,0.3794516479382368,True
19,2023-02-15,unnecessary,5.578609589064011,0.06146392912496806,0.038866494577551494,0.3794516479382368,True
20,2026-04-08,unnecessary,5.578609589064011,0.06146392912496806,0.038866494577551494,0.3794516479382368,True
