Date,Close,Log_Return,Close_Original,Is_Corrected,Correction_Order,Log_Return_Original,HP_Trend,HP_Cycle,HP_Trend_Price
2023-01-02,6111.500000000002,,6111.5,False,,,8.654878233858836,0.06304928735848137,5738.070218157606
2023-01-03,6060.826281984336,-0.008326101286364462,6096.5,True,1.0,-0.002457406216998019,8.654012342355475,0.061457772644844866,5733.103822400262
2023-01-04,5897.431136483258,-0.027329285447562413,5988.7998046875,True,2.0,-0.01782381046311631,8.653146888694389,0.04449941584281447,5728.144233164672
2023-01-05,5666.173282675147,-0.04000287166697447,5559.7001953125,True,3.0,-0.07434684045278749,8.652282737507935,-0.028983273423518696,5723.19638868015
2023-01-06,5725.936944587858,0.010492210658735956,5799.10009765625,True,4.0,0.04215856483571466,8.6514210624522,0.014036966467930512,5718.266977193414
2023-01-09,5713.361514001723,-0.0021986375646143586,5615.89990234375,True,5.0,-0.032100907030066274,8.650562835910538,-0.01720571402047355,5713.361514001723
2023-01-10,5680.597666919796,-0.005751106681637808,5423.10009765625,True,6.0,-0.03493421723368701,8.649709127745233,-0.05128622308885511,5708.486052032835
2023-01-11,5510.62918840284,-0.030377643328405313,5162.7001953125,True,7.0,-0.0492078893859386,8.648860888334443,-0.09964587306400574,5703.645942263698
2023-01-12,5535.983170813081,0.004590371438105478,5451.89990234375,True,8.0,0.05450441757255351,8.648018711901999,-0.044299279059007546,5698.8444881916375
2023-01-13,5484.110197892197,-0.009414322421342547,5462.39990234375,True,9.0,0.001924081879227735,8.647182500686506,-0.04153898596428718,5694.081042416224
2023-01-16,5706.799804687503,0.039803556098879866,5706.7998046875,False,,0.04377017629391758,8.646351849292687,0.003061841723450698,5689.353209923988
2023-01-17,5823.2998046875,0.020208665789185787,5823.2998046875,False,,0.02020866578918624,,,
2023-01-18,5890.899902343745,0.011541692948128457,5890.89990234375,False,,0.011541692948129281,,,
2023-01-19,5951.200195312504,0.010184141942691127,5951.2001953125,False,,0.010184141942689646,,,
2023-01-20,6045.200195312502,0.01567168830851351,6045.2001953125,False,,0.015671688308513985,,,
2023-01-23,5960.7001953125055,-0.014076644410797812,5960.7001953125,False,,-0.01407664441079843,,,
2023-01-24,5926.1000976562555,-0.005821616334651836,5926.10009765625,False,,-0.0058216163346518895,,,
2023-01-25,5859.500000000002,-0.011302064560549496,5859.5,False,,-0.011302064560549009,,,
2023-01-26,5764.499999999996,-0.016345856025649752,5764.5,False,,-0.016345856025648753,,,
2023-01-27,5755.200195312505,-0.0016145917949472732,5755.2001953125,False,,-0.0016145917949487334,,,
2023-01-30,5630.100097656252,-0.02197660656733902,5630.10009765625,False,,-0.02197660656733856,,,
2023-01-31,5481.799804687498,-0.02669374277816594,5481.7998046875,False,,-0.0266937427781654,8.642285407563618,-0.033096650031062325,5666.264762348851
2023-02-01,5265.908361546812,-0.04017981953679062,5200.5,True,10.0,-0.0526787037393679,8.64185777371113,-0.08534771991794265,5663.842193742407
2023-02-02,5462.138784830907,0.03658677287489276,5269.7998046875,True,11.0,0.013237599295336255,8.641443768652792,-0.07169611556426858,5661.4978197493965
2023-02-03,5641.778786321333,0.03235897154284473,5541.10009765625,True,12.0,0.050200680523841634,8.641044083450137,-0.021095749837771294,5659.235454992952
2023-02-06,5657.0560947046215,0.002704228861508895,5465.2998046875,True,13.0,-0.013774075460225993,8.640658911275011,-0.03448465312287219,5657.0560947046215
2023-02-07,5551.42365880961,-0.018849222328073623,4984.60009765625,True,14.0,-0.09206580010623448,8.640288298801002,-0.12617984075509625,5654.959907610289
2023-02-08,5308.264664451134,-0.04478943331151619,4984.60009765625,True,15.0,0.0,8.639932053224937,-0.12582359517903186,5652.945711955828
2023-02-15,5506.259337131771,0.036620529780982736,5481.7998046875,True,16.0,0.0950802994866506,8.639589105494752,-0.03040034796219615,5651.007379447415
2023-02-16,5610.499999999998,0.018754335688516477,5610.5,False,,0.02320636357236527,8.639257512783411,-0.006862391678490454,5649.1338572289815
2023-02-17,5635.200195312503,0.004392831856339541,5635.2001953125,False,,0.004392831856338766,,,
2023-02-20,5764.0,0.022599004158152525,5764.0,False,,0.022599004158153115,,,
2023-02-21,5725.700195312504,-0.006666831317522437,5725.7001953125,False,,-0.006666831317523115,,,
2023-02-22,5613.600097656255,-0.01977260446744289,5613.60009765625,False,,-0.019772604467443024,,,
2023-02-23,5615.600097656245,0.0003562141535198293,5615.60009765625,False,,0.00035621415352147574,,,
2023-02-24,5562.600097656251,-0.00948281409111118,5562.60009765625,False,,-0.009482814091112263,,,
2023-02-27,5739.399902343755,0.03128901582136834,5739.39990234375,False,,0.031289015821367866,,,
2023-02-28,5763.700195312502,0.004225005243887026,5763.7001953125,False,,0.0042250052438876145,,,
2023-03-01,5866.600097656251,0.017695602841232727,5866.60009765625,False,,0.017695602841232807,,,
2023-03-02,5788.39990234375,-0.01341936831053303,5788.39990234375,False,,-0.013419368310533001,,,
2023-03-03,5732.499999999999,-0.009704162260751659,5732.5,False,,-0.009704162260751483,,,
2023-03-06,5951.500000000005,0.03749155287587591,5951.5,False,,0.03749155287587497,,,
2023-03-07,5928.299804687503,-0.0039058275708541146,5928.2998046875,False,,-0.003905827570853824,,,
2023-03-08,6017.299804687503,0.01490116021545873,6017.2998046875,False,,0.014901160215458667,,,
2023-03-09,6010.2001953125,-0.0011805629099281845,6010.2001953125,False,,-0.0011805629099276777,,,
2023-03-10,5930.299804687501,-0.013383289345933136,5930.2998046875,False,,-0.013383289345933328,,,
2023-03-13,5869.7001953125,-0.010271210531245245,5869.7001953125,False,,-0.010271210531245096,,,
2023-03-14,5732.39990234375,-0.023669284317357153,5732.39990234375,False,,-0.023669284317357122,,,
2023-03-15,5659.899902343751,-0.012728067205507898,5659.89990234375,False,,-0.0127280672055082,,,
2023-03-16,5774.7001953125,0.02008013386823393,5774.7001953125,False,,0.020080133868234085,,,
2023-03-17,5626.000000000004,-0.026087630760999403,5626.0,False,,-0.026087630761000014,,,
2023-03-20,5460.399902343753,-0.0298766808054296,5460.39990234375,False,,-0.029876680805429524,,,
2023-03-21,5394.600097656252,-0.012123557922997463,5394.60009765625,False,,-0.01212355792299724,,,
2023-03-22,5511.700195312505,0.02147466962154354,5511.7001953125,False,,0.021474669621543208,,,
2023-03-23,5578.60009765625,0.012064725400920295,5578.60009765625,False,,0.012064725400921126,,,
2023-03-24,5537.799804687495,-0.007340591654655171,5537.7998046875,False,,-0.0073405916546544206,,,
2023-03-27,5486.2001953125,-0.009361390820906479,5486.2001953125,False,,-0.009361390820907265,,,
2023-03-28,5282.10009765625,-0.037912119479621254,5282.10009765625,False,,-0.037912119479621226,,,
2023-03-29,5459.100097656251,0.03296019448735876,5459.10009765625,False,,0.03296019448735868,,,
2023-03-30,5387.200195312505,-0.013258153214286139,5387.2001953125,False,,-0.013258153214286904,,,
2023-03-31,5294.600097656247,-0.01733835400029804,5294.60009765625,False,,-0.017338354000296628,,,
2023-04-03,5344.7998046875,0.009436637407308268,5344.7998046875,False,,0.0094366374073077,,,
2023-04-04,5522.89990234375,0.03277897788471407,5522.89990234375,False,,0.03277897788471383,,,
2023-04-05,5422.399902343748,-0.01836456311045076,5422.39990234375,False,,-0.01836456311045025,,,
2023-04-06,5413.999999999998,-0.0015503126687566038,5414.0,False,,-0.0015503126687567272,,,
2023-04-07,5408.799804687505,-0.0009609705079132169,5408.7998046875,False,,-0.0009609705079143859,,,
2023-04-10,5608.100097656245,0.036184777971582704,5608.10009765625,False,,0.03618477797158431,,,
2023-04-11,5641.100097656248,0.005867100609799891,5641.10009765625,False,,0.005867100609799378,,,
2023-04-12,5681.899902343754,0.007206567387475715,5681.89990234375,False,,0.007206567387474667,,,
2023-04-13,5668.600097656249,-0.0023434757542393214,5668.60009765625,False,,-0.00234347575423851,,,
2023-04-14,5613.100097656255,-0.009839021914748614,5613.10009765625,False,,-0.009839021914749474,,,
2023-04-17,5593.0,-0.003587353144615335,5593.0,False,,-0.0035873531446146754,,,
2023-04-18,5537.200195312505,-0.010026822735216712,5537.2001953125,False,,-0.010026822735217367,,,
2023-04-19,5579.399902343755,0.007592233122833747,5579.39990234375,False,,0.007592233122833637,,,
2023-04-20,5516.100097656245,-0.011410119677442765,5516.10009765625,False,,-0.011410119677441216,,,
2023-04-24,5512.200195312501,-0.0007072535935197521,5512.2001953125,False,,-0.0007072535935206426,,,
2023-04-25,5373.299804687495,-0.025521644387627163,5373.2998046875,False,,-0.0255216443876262,,,
2023-04-26,5254.700195312498,-0.02231925718722394,5254.7001953125,False,,-0.02231925718722445,,,
2023-04-27,5259.799804687505,0.0009700146987245972,5259.7998046875,False,,0.0009700146987234779,,,
2023-04-28,5058.000000000002,-0.03912181783220525,5058.0,False,,-0.03912181783220475,,,
2023-05-02,4967.200195312499,-0.01811480785878672,4967.2001953125,False,,-0.018114807858786084,,,
2023-05-03,4977.299804687503,0.0020311957056424745,4977.2998046875,False,,0.0020311957056417095,,,
2023-05-04,4952.700195312501,-0.004954614239274235,4952.7001953125,False,,-0.0049546142392739205,,,
2023-05-05,4855.999999999997,-0.019717868098158675,4856.0,False,,-0.019717868098157947,,,
2023-05-08,5050.500000000002,0.03927219452990549,5050.5,False,,0.039272194529904644,8.594109753707698,-0.06686722643845933,5399.75981958031
2023-05-09,5116.185902492187,0.012921972238457258,5022.2998046875,True,17.0,-0.005599291068445663,8.595728289428411,-0.07408505322761805,5408.506600310633
2023-05-10,5305.393509765276,0.03631472593648155,4982.0,True,18.0,-0.008056540378667541,8.597443401984862,-0.08385670616273622,5417.790757303723
2023-05-11,5427.623737248389,0.022777474251689966,5399.2001953125,True,19.0,0.08041941378141097,8.599256699695868,-0.005250590092330754,5427.623737248389
2023-05-12,5414.964377291567,-0.0023351188065952044,5346.39990234375,True,20.0,-0.009827411672472239,8.601169208542009,-0.016990510610945364,5438.014048273233
2023-05-15,5103.207800803099,-0.05929697935258815,4992.89990234375,True,21.0,-0.06840653522929811,8.603181918041438,-0.08740975533967088,5448.970212895908
2023-05-16,5089.399902343748,-0.0027093963209967598,5089.39990234375,False,,0.019143042513921578,8.605295699722648,-0.07038049450695993,5460.500328093413
2023-05-17,5145.999999999998,0.011059787626001238,5146.0,False,,0.011059787626001441,,,
2023-05-18,4958.39990234375,-0.037136625503318754,4958.39990234375,False,,-0.03713662550331922,,,
2023-05-22,4924.100097656248,-0.006941551715820893,4924.10009765625,False,,-0.006941551715820422,,,
2023-05-23,4941.100097656248,0.003446461600521644,4941.10009765625,False,,0.003446461600521608,,,
2023-05-24,4881.600097656252,-0.012114943255697952,4881.60009765625,False,,-0.012114943255698877,,,
2023-05-25,4876.200195312501,-0.0011067869259164809,4876.2001953125,False,,-0.001106786925916258,,,
2023-05-26,5057.200195312501,0.03644674101696488,5057.2001953125,False,,0.03644674101696503,,,
2023-05-29,5263.700195312498,0.04002122954678278,5263.7001953125,False,,0.040021229546783305,,,
2023-05-30,5470.700195312502,0.038572376074363035,5470.7001953125,False,,0.03857237607436228,,,
2023-05-31,5375.89990234375,-0.01748063100562547,5375.89990234375,False,,-0.01748063100562511,8.644007851038415,-0.05432658836447324,5676.032993313033
2023-06-01,5510.773913846748,0.02477908584349464,5446.10009765625,True,22.0,0.012973790423215493,8.649876234778281,-0.04722118168112388,5709.440059908681
2023-06-02,5719.398606788629,0.03715859165563273,5647.7998046875,True,23.0,0.03636628010202198,8.655818142497699,-0.016796809298519122,5743.466015306996
2023-06-05,5778.098771840486,0.01021103517576094,5962.10009765625,True,24.0,0.054156730172681015,8.66182997534883,0.03134808802303013,5778.098771840486
2023-06-06,5858.905022102274,0.013888033465875083,5997.7998046875,True,25.0,0.005969918368982158,8.667908017839325,0.031239963901517953,5813.325247250777
2023-06-07,6121.367917985691,0.04382285772641836,6214.89990234375,True,26.0,0.03555691625669049,8.674048772171895,0.06065612582563773,5849.133281095672
2023-06-08,6210.7001953125,0.014488054898631475,6210.7001953125,False,,-0.0006759765577779017,8.680248957493445,0.053779963946309906,5885.511651188108
2023-06-09,6280.89990234375,0.011239624308071683,6280.89990234375,False,,0.011239624308071725,,,
2023-06-12,6223.7998046875,-0.009132645463541422,6223.7998046875,False,,-0.009132645463541401,,,
2023-06-13,6037.600097656247,-0.030374023138946882,6037.60009765625,False,,-0.03037402313894658,,,
2023-06-14,5967.600097656255,-0.01166174527223518,5967.60009765625,False,,-0.01166174527223633,,,
2023-06-15,6133.899902343751,0.02748589417165448,6133.89990234375,False,,0.02748589417165506,,,
2023-06-16,6104.799804687503,-0.004755432062601983,6104.7998046875,False,,-0.004755432062602279,,,
2023-06-19,5874.299804687495,-0.03848844425340836,5874.2998046875,False,,-0.03848844425340712,,,
2023-06-20,5860.700195312502,-0.002317787041029362,5860.7001953125,False,,-0.0023177870410304724,,,
2023-06-21,5787.500000000001,-0.012568664293228338,5787.5,False,,-0.012568664293228175,,,
2023-06-22,6060.799804687497,0.04614135293168253,6060.7998046875,False,,0.046141352931683005,,,
2023-06-23,6233.899902343752,0.028160352141970435,6233.89990234375,False,,0.028160352141969772,,,
2023-06-26,6397.7998046875,0.025952026255973593,6397.7998046875,False,,0.02595202625597397,,,
2023-06-27,6396.100097656252,-0.00026570585266760816,6396.10009765625,False,,-0.00026570585266784836,,,
2023-07-03,6683.000000000001,0.043878543639621626,6683.0,False,,0.04387854363962177,,,
2023-07-04,6659.899902343753,-0.003462533767697451,6659.89990234375,False,,-0.0034625337676976835,,,
2023-07-05,6783.799804687505,0.018432933370696958,6783.7998046875,False,,0.018432933370696774,,,
2023-07-06,6811.200195312504,0.0040309566350149595,6811.2001953125,False,,0.004030956635015094,,,
2023-07-07,6841.2001953125055,0.0043948386259025085,6841.2001953125,False,,0.004394838625902204,,,
2023-07-10,6889.3999023437445,0.00702080093734736,6889.39990234375,False,,0.007020800937348892,,,
2023-07-11,7016.299804687499,0.018252001395630657,7016.2998046875,False,,0.01825200139562987,,,
2023-07-12,6994.200195312494,-0.003154723629201328,6994.2001953125,False,,-0.0031547236292006394,,,
2023-07-13,7025.399902343747,0.004450877103515438,7025.39990234375,False,,0.004450877103515038,,,
2023-07-14,7087.600097656245,0.008814652880099416,7087.60009765625,False,,0.008814652880099636,,,
2023-07-17,7256.0000000000055,0.023481920732594475,7256.0,False,,0.023481920732593222,,,
2023-07-18,6986.499999999995,-0.03784899727447133,6986.5,False,,-0.037848997274469935,,,
2023-07-19,7208.399902343748,0.03126728357605124,7208.39990234375,False,,0.03126728357605085,,,
2023-07-20,7303.500000000004,0.013106686194312545,7303.5,False,,0.013106686194311871,,,
2023-07-21,7266.2001953125,-0.005120199547892668,7266.2001953125,False,,-0.005120199547892313,,,
2023-07-24,7236.799804687503,-0.004054393008187773,7236.7998046875,False,,-0.004054393008188088,,,
2023-07-25,7172.399902343753,-0.008938779732137192,7172.39990234375,False,,-0.008938779732137286,,,
2023-07-26,7336.2998046875,0.022594288695037434,7336.2998046875,False,,0.02259428869503789,,,
2023-07-27,7484.299804687497,0.019972865312363197,7484.2998046875,False,,0.019972865312363596,,,
2023-07-28,7748.799804687495,0.034730500433399314,7748.7998046875,False,,0.03473050043339947,,,
2023-07-31,7875.700195312504,0.016244126988274488,7875.7001953125,False,,0.016244126988273468,,,
2023-08-01,7812.2001953125,-0.008095455123404705,7812.2001953125,False,,-0.008095455123404274,,,
2023-08-02,7906.500000000002,0.011998566655053722,7906.5,False,,0.011998566655053547,,,
2023-08-03,7808.700195312498,-0.012446684237401584,7808.7001953125,False,,-0.012446684237401046,,,
2023-08-04,8022.899902343747,0.02706141861229483,8022.89990234375,False,,0.027061418612294857,,,
2023-08-07,8087.299804687501,0.007994965493725914,8087.2998046875,False,,0.007994965493725538,,,
2023-08-08,8017.299804687505,-0.008693223369071745,8017.2998046875,False,,-0.008693223369072144,,,
2023-08-09,8259.7998046875,0.02979866803774911,8259.7998046875,False,,0.02979866803774971,,,
2023-08-10,8106.399902343754,-0.01874648941336865,8106.39990234375,False,,-0.018746489413369066,,,
2023-08-11,8378.700195312502,0.03303893340041064,8378.7001953125,False,,0.033038933400410836,,,
2023-08-14,8364.099609374998,-0.0017441037113208324,8364.099609375,False,,-0.001744103711320238,,,
2023-08-15,8316.2998046875,-0.005731269898603841,8316.2998046875,False,,-0.005731269898604062,,,
2023-08-16,8252.900390625005,-0.007652719832673682,8252.900390625,False,,-0.007652719832674441,,,
2023-08-17,8363.400390625004,0.01330038862526628,8363.400390625,False,,0.01330038862526652,,,
2023-08-18,8081.399902343757,-0.03429997692162878,8081.39990234375,False,,-0.034299976921629345,,,
2023-08-21,8403.400390624995,0.039071319577574926,8403.400390625,False,,0.039071319577576515,,,
2023-08-22,8314.299804687496,-0.010659531941680456,8314.2998046875,False,,-0.01065953194168072,,,
2023-08-23,8095.2998046875055,-0.026693278172736257,8095.2998046875,False,,-0.026693278172737415,,,
2023-08-24,8040.799804687495,-0.00675506579156071,8040.7998046875,False,,-0.0067550657915595065,,,
2023-08-25,8265.499999999995,0.027561669072719397,8265.5,False,,0.02756166907271951,,,
2023-08-28,8536.7998046875,0.03229598193039962,8536.7998046875,False,,0.03229598193039891,,,
2023-08-29,8484.799804687496,-0.0061099030597056014,8484.7998046875,False,,-0.0061099030597052606,,,
2023-08-31,8410.5,-0.008795379131923298,8410.5,False,,-0.008795379131923645,,,
2023-09-01,8553.700195312496,0.016883035462022633,8553.7001953125,False,,0.016883035462022952,,,
2023-09-04,8629.0,0.008764662814447988,8629.0,False,,0.008764662814447804,,,
2023-09-05,8748.900390625007,0.013799399303405124,8748.900390625,False,,0.013799399303404236,,,
2023-09-06,8702.099609375007,-0.005363691874581633,8702.099609375,False,,-0.005363691874581689,,,
2023-09-07,8835.599609374996,0.015224640015185642,8835.599609375,False,,0.015224640015186731,,,
2023-09-08,8828.500000000007,-0.0008038462094628329,8828.5,False,,-0.0008038462094640281,,,
2023-09-11,8613.900390624996,-0.02460790185655881,8613.900390625,False,,-0.02460790185655749,,,
2023-09-12,8598.500000000007,-0.0017894534620399583,8598.5,False,,-0.001789453462041236,,,
2023-09-13,8452.000000000007,-0.017184669688306897,8452.0,False,,-0.017184669688306873,,,
2023-09-14,8592.400390624998,0.016475037325559327,8592.400390625,False,,0.016475037325560472,,,
2023-09-15,8372.200195312504,-0.02596142029793924,8372.2001953125,False,,-0.025961420297940067,,,
2023-09-18,8104.600097656249,-0.03248490301386653,8104.60009765625,False,,-0.03248490301386594,,,
2023-09-19,8215.900390625005,0.013639534956693566,8215.900390625,False,,0.013639534956692831,,,
2023-09-20,8153.299804687507,-0.0076486194041631705,8153.2998046875,False,,-0.0076486194041633995,,,
2023-09-21,8430.000000000002,0.03337404269366928,8430.0,False,,0.03337404269366995,,,
2023-09-22,8444.200195312502,0.0016830662787246098,8444.2001953125,False,,0.0016830662787246072,,,
2023-09-25,8717.500000000007,0.03185266127518105,8717.5,False,,0.03185266127518066,,,
2023-09-26,8647.700195312504,-0.008039087348750584,8647.7001953125,False,,-0.008039087348750282,,,
2023-09-27,8610.799804687502,-0.004276205563035873,8610.7998046875,False,,-0.0042762055630356155,,,
2023-09-28,8678.299804687507,0.007808427794353534,8678.2998046875,False,,0.0078084277943528575,,,
2023-09-29,8797.400390625002,0.013630633235498735,8797.400390625,False,,0.0136306332354993,,,
2023-10-02,8942.400390624993,0.016347785529903902,8942.400390625,False,,0.0163477855299049,,,
2023-10-03,8932.500000000002,-0.0011077423002117115,8932.5,False,,-0.0011077423002126968,,,
2023-10-04,8723.799804687496,-0.023641410490940373,8723.7998046875,False,,-0.02364141049093992,,,
2023-10-05,8881.900390624995,0.01796064163642086,8881.900390625,False,,0.01796064163642121,,,
2023-10-06,8844.499999999998,-0.0042197451594834234,8844.5,False,,-0.004219745159483836,,,
2023-10-09,8606.799804687495,-0.0272432310970796,8606.7998046875,False,,-0.027243231097079147,,,
2023-10-10,8823.200195312495,0.024832072341697042,8823.2001953125,False,,0.024832072341696827,,,
2023-10-11,8724.500000000005,-0.0112494782898942,8724.5,False,,-0.011249478289895365,,,
2023-10-12,8637.099609375005,-0.010068326757187052,8637.099609375,False,,-0.010068326757187043,,,
2023-10-13,8497.0,-0.016353673077556863,8497.0,False,,-0.016353673077556304,,,
2023-10-16,8349.099609374995,-0.01755945818541882,8349.099609375,False,,-0.01755945818541819,,,
2023-10-17,8505.5,0.018559311231514997,8505.5,False,,0.01855931123151446,,,
2023-10-18,8202.400390625002,-0.03628617107050047,8202.400390625,False,,-0.036286171070500556,,,
2023-10-19,8093.499999999994,-0.01336557160512264,8093.5,False,,-0.01336557160512181,,,
2023-10-20,7838.6000976562445,-0.032001010945529984,7838.60009765625,False,,-0.03200101094552996,9.032985488902733,-0.066169950474249,8374.825234077776
2023-10-23,8148.143030156541,0.03872979278433597,8075.2998046875,True,27.0,0.02974973648864293,9.032485500099899,-0.03592022518277105,8370.638961866864
2023-10-24,8353.656653156324,0.024909313305684577,8314.599609375,True,28.0,0.02920296273933152,9.032016780139188,-0.006248542482728325,8366.716395665884
2023-10-25,8363.073001163235,0.0011265778890425793,7743.2998046875,True,29.0,-0.0711850305711033,9.031581222407548,-0.0769980153221912,8363.073001163235
2023-10-26,8262.846863208315,-0.012056758710203397,7978.89990234375,True,30.0,0.029972617006215178,9.031180676899268,-0.046624852807696016,8359.723880619578
2023-10-27,8104.846558170063,-0.01930696145630506,8022.60009765625,True,31.0,0.00546202592974678,9.0308164589002,-0.040798608878880316,8356.679673126244
2023-10-30,8011.3999023437555,-0.011596708117709298,8011.39990234375,False,,-0.001397055897989196,9.030489559912498,-0.041868765789168094,8353.948329461617
2023-10-31,7836.200195312505,-0.02211146723408497,7836.2001953125,False,,-0.022111467234084924,,,
2023-11-01,7874.500000000006,0.004875642725391316,7874.5,False,,0.004875642725391048,,,
2023-11-02,8002.299804687506,0.01609928532008631,8002.2998046875,False,,0.016099285320086386,,,
2023-11-03,8059.700195312503,0.007147383262788409,8059.7001953125,False,,0.007147383262788761,,,
2023-11-06,8240.999999999995,0.02224533656587191,8241.0,False,,0.022245336565872964,,,
2023-11-07,8211.700195312504,-0.00356170541173384,8211.7001953125,False,,-0.0035617054117350186,,,
2023-11-08,8229.500000000004,0.002165269132474279,8229.5,False,,0.00216526913247417,,,
2023-11-09,8209.099609375004,-0.002482012042706927,8209.099609375,False,,-0.0024820120427068186,,,
2023-11-10,8125.89990234375,-0.010186768165066695,8125.89990234375,False,,-0.010186768165066301,,,
2023-11-13,7935.500000000001,-0.023710115328736237,7935.5,False,,-0.023710115328736306,,,
2023-11-14,8079.200195312497,0.017946517939465778,8079.2001953125,False,,0.017946517939466236,,,
2023-11-15,8081.100097656257,0.00023513206042835577,8081.10009765625,False,,0.00023513206042706953,,,
2023-11-16,8234.400390625007,0.018792534703027997,8234.400390625,False,,0.018792534703028108,,,
2023-11-17,8312.900390625007,0.009488023446801108,8312.900390625,False,,0.009488023446801256,,,
2023-11-20,8400.099609374998,0.010434991922688042,8400.099609375,False,,0.01043499192268913,,,
2023-11-21,8550.400390625,0.017734547127188804,8550.400390625,False,,0.017734547127188367,,,
2023-11-22,8500.200195312507,-0.005888395556452153,8500.2001953125,False,,-0.005888395556452799,,,
2023-11-23,8400.900390625002,-0.011750826143606119,8400.900390625,False,,-0.011750826143605436,,,
2023-11-24,8478.400390625005,0.009182909364303882,8478.400390625,False,,0.009182909364303453,,,
2023-11-27,8682.400390625002,0.023776234310785682,8682.400390625,False,,0.02377623431078627,,,
2023-11-28,8684.900390625004,0.00028789735938339334,8684.900390625,False,,0.00028789735938313047,,,
2023-11-29,8635.900390624998,-0.005657952116205678,8635.900390625,False,,-0.005657952116205212,,,
2023-11-30,8540.700195312507,-0.011084983860378372,8540.7001953125,False,,-0.011084983860379333,,,
2023-12-01,8645.799804687496,0.012230636780332205,8645.7998046875,False,,0.012230636780333341,,,
2023-12-04,8731.599609374998,0.00987495307789743,8731.599609375,False,,0.009874953077897085,,,
2023-12-05,8673.099609375005,-0.00672234774822833,8673.099609375,False,,-0.006722347748229229,,,
2023-12-06,8471.099609374995,-0.023565912384137633,8471.099609375,False,,-0.023565912384136207,,,
2023-12-07,8615.200195312495,0.01686778345444928,8615.2001953125,False,,0.016867783454449194,,,
2023-12-08,8495.400390624993,-0.014003221185612702,8495.400390625,False,,-0.014003221185612393,,,
2023-12-11,8323.700195312507,-0.020417995536272215,8323.7001953125,False,,-0.020417995536273867,,,
2023-12-12,8350.900390625005,0.0032624732806372236,8350.900390625,False,,0.003262473280637364,,,
2023-12-13,8135.200195312499,-0.026169014758860243,8135.2001953125,False,,-0.026169014758859438,,,
2023-12-14,8491.099609374998,0.04281816061654453,8491.099609375,False,,0.04281816061654461,,,
2023-12-15,8664.700195312498,0.020238812947027895,8664.7001953125,False,,0.020238812947027812,,,
2023-12-18,8487.299804687502,-0.020686417536632362,8487.2998046875,False,,-0.02068641753663287,,,
2023-12-19,8390.2001953125,-0.01150652415414477,8390.2001953125,False,,-0.0115065241541445,,,
2023-12-20,8354.099609375,-0.004311991817424143,8354.099609375,False,,-0.004311991817424219,,,
2023-12-21,8450.299804687493,0.011449531025878201,8450.2998046875,False,,0.011449531025878975,,,
2023-12-22,8207.5,-0.02915355019075072,8207.5,False,,-0.02915355019075159,,,
2023-12-26,7955.700195312496,-0.031159692953467655,7955.7001953125,False,,-0.031159692953467186,,,
2023-12-27,7899.500000000004,-0.007089211109375881,7899.5,False,,-0.007089211109376849,,,
2023-12-28,8015.899902343751,0.01462759070120967,8015.89990234375,False,,0.014627590701210115,,,
2023-12-29,8020.799804687502,0.0006110861443744398,8020.7998046875,False,,0.0006110861443744027,,,
2024-01-02,8182.899902343755,0.020008455902992495,8182.89990234375,False,,0.02000845590299213,,,
2024-01-03,7969.1000976562445,-0.026475023862177594,7969.10009765625,False,,-0.026475023862176327,,,
2024-01-04,8140.700195312494,0.021304620178012712,8140.7001953125,False,,0.021304620178012754,,,
2024-01-05,8213.299804687505,0.008878572372209348,8213.2998046875,False,,0.008878572372207934,,,
2024-01-08,8463.700195312504,0.030031685562480703,8463.7001953125,False,,0.030031685562480776,,,
2024-01-09,8398.499999999993,-0.007733334854949092,8398.5,False,,-0.007733334854947745,,,
2024-01-10,8565.299804687504,0.019666016154697985,8565.2998046875,False,,0.019666016154696906,,,
2024-01-11,8584.099609374996,0.0021924747058932326,8584.099609375,False,,0.0021924747058938545,,,
2024-01-12,8675.400390625004,0.010579869971229172,8675.400390625,False,,0.010579869971228506,,,
2024-01-15,8726.200195312504,0.005838537523494836,8726.2001953125,False,,0.0058385375234949,,,
2024-01-16,8692.400390624993,-0.003880891228110528,8692.400390625,False,,-0.0038808912281093895,,,
2024-01-17,8673.900390625,-0.002130563927357443,8673.900390625,False,,-0.0021305639273581528,,,
2024-01-18,8649.299804687502,-0.0028401914423703545,8649.2998046875,False,,-0.002840191442370692,,,
2024-01-19,8623.900390624995,-0.0029409063846639327,8623.900390625,False,,-0.0029409063846628793,,,
2024-01-22,8642.999999999996,0.0022122809227678175,8643.0,False,,0.0022122809227675907,,,
2024-01-23,8557.599609374996,-0.009930013407277727,8557.599609375,False,,-0.009930013407277893,,,
2024-01-24,8731.200195312504,0.02008310845609884,8731.2001953125,False,,0.0200831084560981,,,
2024-01-25,8786.400390624998,0.0063022761305884245,8786.400390625,False,,0.006302276130589115,,,
2024-01-26,8979.499999999995,0.021739085526743196,8979.5,False,,0.02173908552674368,,,
2024-01-29,9107.999999999993,0.014208946724838967,9108.0,False,,0.014208946724839187,,,
2024-01-30,9092.299804687502,-0.001725268196166141,9092.2998046875,False,,-0.0017252681961672492,,,
2024-01-31,9103.099609375005,0.0011870919357122034,9103.099609375,False,,0.0011870919357118493,,,
2024-02-01,9246.999999999993,0.015684202654462354,9247.0,False,,0.01568420265446373,,,
2024-02-02,9261.299804687507,0.0015452318888034,9261.2998046875,False,,0.0015452318888017503,,,
2024-02-05,9367.200195312505,0.011369839918755176,9367.2001953125,False,,0.011369839918755424,,,
2024-02-06,9440.79980468751,0.007826455238213015,9440.7998046875,False,,0.007826455238212794,,,
2024-02-07,9394.099609375,-0.004958910582466558,9394.099609375,False,,-0.00495891058246558,,,
2024-02-08,9488.200195312495,0.009967150817187687,9488.2001953125,False,,0.009967150817188235,,,
2024-02-09,9600.099609375004,0.011724532520529962,9600.099609375,False,,0.011724532520528979,,,
2024-02-12,9719.099609375,0.01231950700479345,9719.099609375,False,,0.01231950700479389,,,
2024-02-13,9545.900390624995,-0.017981197543644356,9545.900390625,False,,-0.017981197543643905,,,
2024-02-14,9635.799804687504,0.009373524909882747,9635.7998046875,False,,0.00937352490988194,,,
2024-02-15,9825.099609375,0.01945498729515549,9825.099609375,False,,0.019454987295155816,,,
2024-02-16,9823.900390625,-0.00012206410010584534,9823.900390625,False,,-0.00012206410010577958,,,
2024-02-20,9948.299804687502,0.01258343070653467,9948.2998046875,False,,0.012583430706534329,,,
2024-02-21,9906.200195312496,-0.004240819206748014,9906.2001953125,False,,-0.004240819206747468,,,
2024-02-22,9928.799804687507,0.002278761699473719,9928.7998046875,False,,0.002278761699472487,,,
2024-02-23,9960.400390625,0.0031776654885966593,9960.400390625,False,,0.003177665488597465,,,
2024-02-26,9881.599609374998,-0.007942868212793996,9881.599609375,False,,-0.007942868212793677,,,
2024-02-27,9724.499999999993,-0.016025928136645717,9724.5,False,,-0.016025928136645214,,,
2024-02-28,9605.799804687507,-0.01228141192853549,9605.7998046875,False,,-0.01228141192853708,,,
2024-02-29,9701.299804687505,0.009892814642835646,9701.2998046875,False,,0.00989281464283582,,,
2024-03-01,9580.200195312505,-0.012561388036647969,9580.2001953125,False,,-0.012561388036647948,,,
2024-03-04,9382.0,-0.020905529072408058,9382.0,False,,-0.020905529072407537,,,
2024-03-05,9326.500000000002,-0.0059331494037859756,9326.5,False,,-0.00593314940378598,,,
2024-03-06,9247.099609375004,-0.008549863890269904,9247.099609375,False,,-0.008549863890270088,,,
2024-03-07,9581.2001953125,0.035492918871366186,9581.2001953125,False,,0.03549291887136646,,,
2024-03-08,9712.599609374996,0.013621105949104262,9712.599609375,False,,0.01362110594910468,,,
2024-03-11,9696.900390625007,-0.0016176843477264669,9696.900390625,False,,-0.0016176843477277462,,,
2024-03-12,9643.099609374998,-0.00556369390197986,9643.099609375,False,,-0.0055636939019789436,,,
2024-03-13,9447.000000000007,-0.020545362395976596,9447.0,False,,-0.020545362395977443,,,
2024-03-14,9434.2998046875,-0.0013452672601168558,9434.2998046875,False,,-0.001345267260116165,,,
2024-03-15,9363.400390625005,-0.007543449414379566,9363.400390625,False,,-0.0075434494143800206,,,
2024-03-18,9295.900390624996,-0.007235029354568212,9295.900390625,False,,-0.007235029354567361,,,
2024-03-19,9562.700195312496,0.028296649633093196,9562.7001953125,False,,0.028296649633093245,,,
2024-03-20,9580.200195312505,0.0018283545876478513,9580.2001953125,False,,0.0018283545876470403,,,
2024-03-21,9852.900390625005,0.028067378762708373,9852.900390625,False,,0.02806737876270839,,,
2024-03-22,9813.500000000005,-0.004006878997385499,9813.5,False,,-0.004006878997385547,,,
2024-03-25,9743.900390625007,-0.007117500465714244,9743.900390625,False,,-0.007117500465714355,,,
2024-03-26,9518.099609375002,-0.02344628026587614,9518.099609375,False,,-0.02344628026587557,,,
2024-03-27,9519.400390624996,0.00013665462923384553,9519.400390625,False,,0.00013665462923440806,,,
2024-03-28,9857.799804687505,0.03493113753185817,9857.7998046875,False,,0.034931137531857254,,,
2024-03-29,9869.7998046875,0.0012165698531649838,9869.7998046875,False,,0.0012165698531654671,,,
2024-04-01,9924.7998046875,0.005557085530814021,9924.7998046875,False,,0.005557085530814193,,,
2024-04-02,9805.799804687493,-0.012062628130607322,9805.7998046875,False,,-0.012062628130606642,9.226754520979451,-0.03602521457044361,10165.496012432692
2024-04-03,9821.464028305163,0.0015961702126876531,9698.099609375,True,32.0,-0.011044077670968657,9.230246220272665,-0.0505609915346259,10201.05290854329
2024-04-04,10159.483854795446,0.03383744152696622,9930.099609375,True,33.0,0.023640559406455944,9.233775294816716,-0.03044950667222146,10237.116783307158
2024-04-05,10273.677773684722,0.01117742910899544,10475.400390625,True,34.0,0.05345917936403274,9.237340347257657,0.019444620250871125,10273.677773684722
2024-04-08,10365.184713935645,0.008867498383064998,10530.2998046875,True,35.0,0.005227108694482261,9.240939768786626,0.021072307416384106,10310.723702605339
2024-04-09,10534.702886123552,0.016222277648710204,10597.599609375,True,36.0,0.006370726307279725,9.244572085626857,0.023810716883433614,10348.243618804718
2024-04-15,10448.70019531249,-0.00819725685639483,10448.7001953125,False,,-0.01414993607725227,9.248235970337047,0.0059968960959899675,10386.227932958976
2024-04-16,10307.900390624995,-0.013566958015097441,10307.900390625,False,,-0.013566958015097651,,,
2024-04-17,10279.000000000004,-0.0028076504050176254,10279.0,False,,-0.0028076504050184668,,,
2024-04-18,10289.400390625002,0.0010112980410603711,10289.400390625,False,,0.0010112980410604767,,,
2024-04-19,10527.799804687498,0.022905081818112905,10527.7998046875,False,,0.022905081818113314,,,
2024-04-22,10429.900390624996,-0.00934264019852904,10429.900390625,False,,-0.009342640198529017,,,
2024-04-24,10526.400390624996,0.009209705767244003,10526.400390625,False,,0.009209705767244027,,,
2024-04-25,10481.200195312493,-0.004303229669490705,10481.2001953125,False,,-0.004303229669490395,,,
2024-04-26,10731.799804687505,0.023628083545743195,10731.7998046875,False,,0.02362808354574193,,,
2024-04-29,10947.400390625005,0.019890742493164026,10947.400390625,False,,0.01989074249316411,,,
2024-04-30,10907.29980468749,-0.0036697488944898993,10907.2998046875,False,,-0.0036697488944885484,,,
2024-05-02,11024.299804687498,0.010669637603566429,11024.2998046875,False,,0.010669637603565698,,,
2024-05-03,11147.599609374998,0.011122283522132292,11147.599609375,False,,0.011122283522132214,,,
2024-05-06,11132.5,-0.0013554348455784293,11132.5,False,,-0.0013554348455786446,,,
2024-05-07,11254.099609374995,0.010863713777833794,11254.099609375,False,,0.010863713777834369,,,
2024-05-08,11127.599609374995,-0.011303998483667144,11127.599609375,False,,-0.011303998483667164,,,
2024-05-09,11145.799804687498,0.001634254298133797,11145.7998046875,False,,0.0016342542981334868,,,
2024-05-10,11059.400390624998,-0.007781947410681056,11059.400390625,False,,-0.007781947410681036,,,
2024-05-13,10920.900390624993,-0.012602360123734613,10920.900390625,False,,-0.012602360123734226,,,
2024-05-14,11082.799804687504,0.014715919080549256,11082.7998046875,False,,0.014715919080548385,,,
2024-05-15,11024.500000000002,-0.005274270521576696,11024.5,False,,-0.005274270521576531,,,
2024-05-16,11167.400390625004,0.012878785796882397,11167.400390625,False,,0.012878785796882187,,,
2024-05-17,11563.200195312498,0.03482880380998843,11563.2001953125,False,,0.034828803809988984,,,
2024-05-20,11688.200195312496,0.01075214414219694,11688.2001953125,False,,0.010752144142197094,,,
2024-05-21,11955.999999999996,0.022653441842045652,11956.0,False,,0.022653441842045773,,,
2024-05-22,11937.799804687507,-0.0015234244014106224,11937.7998046875,False,,-0.0015234244014115325,,,
2024-05-23,11812.200195312496,-0.010576907813510061,11812.2001953125,False,,-0.010576907813509116,,,
2024-05-24,11668.500000000007,-0.012240008873968478,11668.5,False,,-0.012240008873969388,,,
2024-05-27,11671.700195312507,0.0002742217552356152,11671.7001953125,False,,0.00027422175523550256,,,
2024-05-28,11713.999999999998,0.0036175825795528027,11714.0,False,,0.0036175825795535335,,,
2024-05-29,11503.599609374998,-0.018124711764773593,11503.599609375,False,,-0.018124711764773538,,,
2024-05-30,11547.599609374998,0.0038175934380255683,11547.599609375,False,,0.003817593438025378,,,
2024-05-31,11409.40039062501,-0.012039978063759449,11409.400390625,False,,-0.012039978063760289,,,
2024-06-03,11580.000000000007,0.014841860867766954,11580.0,False,,0.014841860867767065,,,
2024-06-04,11291.099609374993,-0.025264701970057146,11291.099609375,False,,-0.025264701970055856,,,
2024-06-05,11310.2998046875,0.0016990275318367054,11310.2998046875,False,,0.001699027531836145,,,
2024-06-06,11197.099609375007,-0.010059016391064546,11197.099609375,False,,-0.010059016391065123,,,
2024-06-07,11034.0,-0.014673366465325799,11034.0,False,,-0.01467336646532528,,,
2024-06-10,10888.700195312498,-0.01325584266794877,10888.7001953125,False,,-0.013255842667948683,,,
2024-06-11,10973.900390625005,0.007794189561193932,10973.900390625,False,,0.0077941895611934615,,,
2024-06-12,11106.700195312496,0.012028785668130482,11106.7001953125,False,,0.012028785668131097,,,
2024-06-13,11319.099609374993,0.018942982392101015,11319.099609375,False,,0.018942982392101508,,,
2024-06-14,11412.500000000007,0.008217716117371765,11412.5,False,,0.008217716117370525,,,
2024-06-20,11724.99999999999,0.027014068411254755,11725.0,False,,0.027014068411256163,,,
2024-06-21,11750.000000000004,0.0021299262578260425,11750.0,False,,0.002129926257824849,,,
2024-06-24,11749.7998046875,-1.7038044083150794e-05,11749.7998046875,False,,-1.7038044082794014e-05,,,
2024-06-25,11623.70019531251,-0.010790068479911596,11623.7001953125,False,,-0.010790068479912355,,,
2024-06-26,11422.499999999996,-0.0174610396108843,11422.5,False,,-0.017461039610883206,,,
2024-06-27,11649.599609375005,0.019686716671825977,11649.599609375,False,,0.019686716671825383,,,
2024-06-28,11559.700195312495,-0.007746882880741879,11559.7001953125,False,,-0.007746882880740957,,,
2024-07-01,11253.700195312502,-0.02682794742374739,11253.7001953125,False,,-0.026827947423747917,,,
2024-07-02,11338.299804687504,0.00748937719659537,11338.2998046875,False,,0.007489377196595025,,,
2024-07-03,11674.099609374993,0.029186321309065733,11674.099609375,False,,0.02918632130906672,,,
2024-07-04,11890.099609374995,0.018333408915005123,11890.099609375,False,,0.01833340891500489,,,
2024-07-05,11854.799804687495,-0.0029732558623951633,11854.7998046875,False,,-0.002973255862395145,,,
2024-07-08,11862.700195312493,0.0006662077299210978,11862.7001953125,False,,0.0006662077299213492,,,
2024-07-09,11749.0,-0.009630909525382592,11749.0,False,,-0.009630909525383232,,,
2024-07-10,11652.20019531251,-0.008273110438407727,11652.2001953125,False,,-0.008273110438408523,,,
2024-07-11,12006.400390624998,0.029944853337362076,12006.400390625,False,,0.029944853337363044,,,
2024-07-12,12028.599609375,0.0018472415279831012,12028.599609375,False,,0.0018472415279830062,,,
2024-07-16,12094.2998046875,0.005447136070626968,12094.2998046875,False,,0.005447136070627013,,,
2024-07-17,12091.299804687495,-0.00024808150832278386,12091.2998046875,False,,-0.0002480815083222899,,,
2024-07-18,12118.799804687507,0.0022717801472094123,12118.7998046875,False,,0.0022717801472082267,,,
2024-07-19,12170.299804687496,0.004240591706041741,12170.2998046875,False,,0.004240591706042666,,,
2024-07-22,12176.999999999993,0.000550385096941497,12177.0,False,,0.0005503850969417833,,,
2024-07-23,12055.599609375005,-0.010019676653380216,12055.599609375,False,,-0.010019676653381202,,,
2024-07-24,11949.500000000007,-0.008839813373512584,11949.5,False,,-0.008839813373512783,,,
2024-07-25,11799.799804687493,-0.012606870874726894,11799.7998046875,False,,-0.012606870874725585,,,
2024-07-26,11829.499999999993,0.0025138460469555923,11829.5,False,,0.0025138460469555286,,,
2024-07-29,11664.200195312498,-0.01407207302989022,11664.2001953125,False,,-0.014072073029890587,,,
2024-07-30,11596.500000000005,-0.005821010193812981,11596.5,False,,-0.005821010193813562,,,
2024-07-31,11606.700195312496,0.0008792059615654324,11606.7001953125,False,,0.0008792059615661835,,,
2024-08-01,11778.70019531251,0.014710297770978542,11778.7001953125,False,,0.014710297770977546,,,
2024-08-02,11372.900390625005,-0.03505946542316529,11372.900390625,False,,-0.03505946542316507,,,
2024-08-05,10742.2001953125,-0.057053438757343145,10742.2001953125,False,,-0.05705343875734273,,,
2024-08-06,10733.500000000007,-0.0008102362865312074,10733.5,False,,-0.0008102362865318541,,,
2024-08-07,10919.499999999995,0.017180490010682448,10919.5,False,,0.017180490010683624,,,
2024-08-08,10997.200195312495,0.007090530979144916,10997.2001953125,False,,0.007090530979144906,,,
2024-08-09,10754.400390625002,-0.022325703221586224,10754.400390625,False,,-0.022325703221586942,,,
2024-08-12,10710.599609375005,-0.0040811406517029525,10710.599609375,False,,-0.004081140651703294,,,
2024-08-13,10822.900390625004,0.010430426951860028,10822.900390625,False,,0.010430426951860229,,,
2024-08-14,10698.299804687502,-0.011579463696149261,10698.2998046875,False,,-0.011579463696149163,,,
2024-08-15,10874.799804687505,0.01636333595668127,10874.7998046875,False,,0.016363335956680894,,,
2024-08-16,10685.099609375007,-0.01759795695717159,10685.099609375,False,,-0.017597956957171892,,,
2024-08-19,10982.49999999999,0.027452885784031267,10982.5,False,,0.02745288578403278,,,
2024-08-20,10936.299804687493,-0.004215583347933816,10936.2998046875,False,,-0.004215583347934,,,
2024-08-21,10866.499999999993,-0.006402851356243744,10866.5,False,,-0.006402851356243718,,,
2024-08-22,10907.50000000001,0.0037659638520093353,10907.5,False,,0.0037659638520077692,,,
2024-08-23,10637.499999999996,-0.02506513211613637,10637.5,False,,-0.025065132116135064,,,
2024-08-26,10513.900390624996,-0.011687265522290602,10513.900390625,False,,-0.011687265522290557,,,
2024-08-27,10756.7998046875,0.02283986619831424,10756.7998046875,False,,0.022839866198313925,,,
2024-08-28,10771.900390625005,0.0014028332669351329,10771.900390625,False,,0.0014028332669344696,,,
2024-08-29,10842.900390624996,0.00656959609105634,10842.900390625,False,,0.006569596091057233,,,
2024-09-02,11158.299804687502,0.028673074163412693,11158.2998046875,False,,0.028673074163412252,,,
2024-09-03,11050.499999999996,-0.009707922288079374,11050.5,False,,-0.009707922288078834,,,
2024-09-04,11013.400390625005,-0.0033629271055719556,11013.400390625,False,,-0.0033629271055727423,,,
2024-09-05,10922.200195312498,-0.008315315594275674,10922.2001953125,False,,-0.0083153155942751,,,
2024-09-06,10733.000000000005,-0.017474325609605046,10733.0,False,,-0.017474325609605705,,,
2024-09-09,10622.400390624998,-0.010358091742926234,10622.400390625,False,,-0.010358091742925546,,,
2024-09-10,10539.599609374993,-0.007825461090130048,10539.599609375,False,,-0.007825461090129524,,,
2024-09-11,10348.099609375004,-0.018336664434587036,10348.099609375,False,,-0.018336664434588062,,,
2024-09-12,10490.79980468749,0.013695773758795937,10490.7998046875,False,,0.01369577375879723,,,
2024-09-13,10659.499999999998,0.015952849331918983,10659.5,False,,0.015952849331918303,,,
2024-09-16,10531.900390624995,-0.01204272951654417,10531.900390625,False,,-0.012042729516543829,,,
2024-09-17,10750.49999999999,0.020543481314030387,10750.5,False,,0.020543481314030557,,,
2024-09-18,10809.500000000007,0.005473111992436941,10809.5,False,,0.0054731119924355314,,,
2024-09-19,11057.29980468751,0.022665448549632927,11057.2998046875,False,,0.022665448549632806,,,
2024-09-20,10960.900390624995,-0.008756395087184288,10960.900390625,False,,-0.008756395087183027,,,
2024-09-23,10982.599609375004,0.0019777360788335585,10982.599609375,False,,0.001977736078832735,,,
2024-09-24,11194.29980468751,0.019092536080359324,11194.2998046875,False,,0.019092536080358925,,,
2024-09-25,11068.400390624993,-0.011310465946406723,11068.400390625,False,,-0.011310465946405203,,,
2024-09-26,10976.00000000001,-0.008383165804087156,10976.0,False,,-0.008383165804088745,,,
2024-09-27,10887.700195312496,-0.008077341344797873,10887.7001953125,False,,-0.008077341344796707,,,
2024-09-30,10780.400390624993,-0.009904022860151684,10780.400390625,False,,-0.009904022860151337,,,
2024-10-01,10438.400390624995,-0.032238355352156134,10438.400390625,False,,-0.032238355352156196,,,
2024-10-02,10043.499999999996,-0.038565692333959234,10043.5,False,,-0.03856569233395943,,,
2024-10-03,9887.299804687493,-0.015674573517200585,9887.2998046875,False,,-0.015674573517200356,,,
2024-10-04,10126.799804687502,0.023934270107824673,10126.7998046875,False,,0.02393427010782376,,,
2024-10-07,9998.599609375,-0.012740311557928763,9998.599609375,False,,-0.012740311557928543,,,
2024-10-08,10045.400390624996,0.004669813041237703,10045.400390625,False,,0.004669813041238074,,,
2024-10-09,10171.200195312507,0.012445359236112452,10171.2001953125,False,,0.012445359236111533,,,
2024-10-10,9960.099609374998,-0.02097314391474825,9960.099609375,False,,-0.020973143914747427,,,
2024-10-11,9884.799804687502,-0.00758886850450935,9884.7998046875,False,,-0.007588868504509784,,,
2024-10-14,9725.000000000007,-0.016298314478742526,9725.0,False,,-0.016298314478743112,,,
2024-10-15,9911.2001953125,0.018965561021122568,9911.2001953125,False,,0.018965561021123227,,,
2024-10-16,10018.799804687505,0.010797857985584969,10018.7998046875,False,,0.010797857985584405,,,
2024-10-17,10035.2001953125,0.0016356232453649255,10035.2001953125,False,,0.0016356232453655231,,,
2024-10-18,9767.00000000001,-0.02708957529124234,9767.0,False,,-0.027089575291243208,,,
2024-10-21,9583.799804687505,-0.018935203802953993,9583.7998046875,False,,-0.018935203802953677,,,
2024-10-22,9794.400390624995,0.021736680997664237,9794.400390625,False,,0.021736680997665358,,,
2024-10-23,9651.299804687504,-0.014718232593414982,9651.2998046875,False,,-0.014718232593415842,,,
2024-10-24,9835.999999999996,0.01895652328730968,9836.0,False,,0.018956523287310404,,,
2024-10-25,9877.299804687502,0.004190050932121991,9877.2998046875,False,,0.004190050932121412,,,
2024-10-28,9911.500000000004,0.0034565238620611893,9911.5,False,,0.0034565238620610206,,,
2024-10-30,9968.400390625004,0.005724429689088595,9968.400390625,False,,0.005724429689088496,,,
2024-10-31,9752.000000000007,-0.021947736658246342,9752.0,False,,-0.021947736658246692,,,
2024-11-01,9773.400390624998,0.0021920573986839997,9773.400390625,False,,0.002192057398684961,,,
2024-11-04,9528.099609374993,-0.02541916319485793,9528.099609375,False,,-0.025419163194857278,,,
2024-11-05,9503.099609374998,-0.002627266321255206,9503.099609375,False,,-0.0026272663212558124,,,
2024-11-06,9759.500000000005,0.026623149542986724,9759.5,False,,0.026623149542986037,,,
2024-11-07,9863.599609374998,0.010610004332193057,9863.599609375,False,,0.010610004332193692,,,
2024-11-08,10163.900390624995,0.029991091259182312,10163.900390625,False,,0.02999109125918268,,,
2024-11-11,10261.2001953125,0.009527545805948279,10261.2001953125,False,,0.00952754580594792,,,
2024-11-12,10196.499999999995,-0.006325286851588174,10196.5,False,,-0.006325286851587705,,,
2024-11-13,10296.499999999998,0.009759507513001253,10296.5,False,,0.009759507513000872,,,
2024-11-14,10423.599609375007,0.012268396962541672,10423.599609375,False,,0.012268396962540878,,,
2024-11-15,10363.900390624998,-0.00574377706582041,10363.900390625,False,,-0.005743777065819643,,,
2024-11-18,10362.499999999995,-0.00013513109857399286,10362.5,False,,-0.00013513109857361903,,,
2024-11-19,10164.0,-0.019341455003495156,10164.0,False,,-0.01934145500349571,,,
2024-11-20,9928.299804687493,-0.023462820117975625,9928.2998046875,False,,-0.023462820117974972,,,
2024-11-21,10338.400390624998,0.04047591067279477,10338.400390625,False,,0.04047591067279414,,,
2024-11-22,10540.599609375004,0.019369274417375237,10540.599609375,False,,0.019369274417374693,,,
2024-11-25,10665.200195312502,0.011751692560578064,10665.2001953125,False,,0.011751692560578422,,,
2024-11-26,10622.999999999996,-0.003964661192814134,10623.0,False,,-0.00396466119281364,,,
2024-11-27,10625.099609375007,0.00019762796866018562,10625.099609375,False,,0.00019762796865920056,,,
2024-11-28,10641.299804687496,0.0015235487804705627,10641.2998046875,False,,0.0015235487804717176,,,
2024-11-29,10614.099609374996,-0.002559369469398831,10614.099609375,False,,-0.0025593694693988706,,,
2024-12-02,10643.900390625004,0.0028037257288264783,10643.900390625,False,,0.002803725728825773,,,
2024-12-03,10844.999999999996,0.018717149472402994,10845.0,False,,0.018717149472403594,,,
2024-12-04,10913.90039062499,0.006333097691216594,10913.900390625,False,,0.00633309769121709,,,
2024-12-05,10937.599609375002,0.002169116815066374,10937.599609375,False,,0.0021691168150655997,,,
2024-12-06,11089.000000000007,0.013747267185959089,11089.0,False,,0.013747267185958683,,,
2024-12-09,11275.50000000001,0.016678604332417635,11275.5,False,,0.01667860433241742,,,
2024-12-10,11091.0,-0.016498261680892412,11091.0,False,,-0.016498261680891708,,,
2024-12-11,11059.90039062499,-0.002807978841577352,11059.900390625,False,,-0.0028079788415764596,,,
2024-12-12,11037.200195312493,-0.0020545865924468387,11037.2001953125,False,,-0.002054586592447022,,,
2024-12-13,11099.7998046875,0.005655669353325621,11099.7998046875,False,,0.005655669353325128,,,
2024-12-16,10933.09960937499,-0.015132223239724851,10933.099609375,False,,-0.015132223239724137,,,
2024-12-17,10961.20019531251,0.002566933093827828,10961.2001953125,False,,0.0025669330938262614,,,
2024-12-18,10845.799804687502,-0.010583892133153583,10845.7998046875,False,,-0.01058389213315285,,,
2024-12-19,10670.799804687502,-0.01626686949342826,10670.7998046875,False,,-0.01626686949342831,,,
2024-12-20,10606.299804687504,-0.006062874993370215,10606.2998046875,False,,-0.00606287499337035,,,
2024-12-23,10503.099609375002,-0.009777731282932578,10503.099609375,False,,-0.009777731282932344,,,
2024-12-24,10549.29980468751,0.004389074002483895,10549.2998046875,False,,0.004389074002483179,,,
2024-12-26,10910.200195312504,0.03363866088885459,10910.2001953125,False,,0.03363866088885503,,,
2024-12-27,10981.599609375004,0.006522959999985645,10981.599609375,False,,0.00652295999998564,,,
2024-12-30,10829.20019531251,-0.013974901946994578,10829.2001953125,False,,-0.013974901946994996,,,
2024-12-31,10756.299804687493,-0.006754596168311977,10756.2998046875,False,,-0.006754596168310532,,,
2025-01-02,10959.000000000004,0.018669425212113566,10959.0,False,,0.018669425212112553,,,
2025-01-03,11126.500000000004,0.015168613942778464,11126.5,False,,0.015168613942778414,,,
2025-01-06,11139.700195312504,0.001185671263451482,11139.7001953125,False,,0.0011856712634515567,,,
2025-01-07,10999.799804687505,-0.012638248628592308,10999.7998046875,False,,-0.01263824862859254,,,
2025-01-08,10926.299804687507,-0.006704363896796295,10926.2998046875,False,,-0.006704363896796392,,,
2025-01-09,11048.000000000007,0.01107670694489471,11048.0,False,,0.011076706944894713,,,
2025-01-10,10913.700195312507,-0.012230517455224188,10913.7001953125,False,,-0.012230517455224313,,,
2025-01-13,10741.099609375004,-0.015941430326414263,10741.099609375,False,,-0.015941430326413777,,,
2025-01-14,10723.700195312496,-0.0016212047661046114,10723.7001953125,False,,-0.001621204766103946,,,
2025-01-15,10746.700195312505,0.0021424853174156766,10746.7001953125,False,,0.002142485317414867,,,
2025-01-16,10872.200195312496,0.011610341646694167,10872.2001953125,False,,0.011610341646694953,,,
2025-01-17,11012.79980468749,0.012849124403558676,11012.7998046875,False,,0.01284912440355907,,,
2025-01-20,11081.500000000002,0.006218836290674545,11081.5,False,,0.0062188362906736745,,,
2025-01-21,11061.299804687507,-0.0018245390008893025,11061.2998046875,False,,-0.0018245390008897612,,,
2025-01-22,11204.200195312505,0.012836213221499193,11204.2001953125,False,,0.012836213221499377,,,
2025-01-23,11200.5,-0.00033030527647248675,11200.5,False,,-0.000330305276471876,,,
2025-01-24,11177.70019531251,-0.0020376806336077635,11177.7001953125,False,,-0.002037680633608608,,,
2025-01-27,11070.2001953125,-0.009663908480357364,11070.2001953125,False,,-0.009663908480356585,,,
2025-01-28,11244.500000000007,0.015622289168639725,11244.5,False,,0.01562228916863905,,,
2025-01-29,11216.499999999996,-0.002493211745180801,11216.5,False,,-0.0024932117451798783,,,
2025-01-30,11214.900390625,-0.00014262233742456942,11214.900390625,False,,-0.00014262233742485958,,,
2025-01-31,11122.099609375007,-0.00830920134172608,11122.099609375,False,,-0.00830920134172682,,,
2025-02-03,10854.900390624995,-0.02431745786274142,10854.900390625,False,,-0.024317457862740133,,,
2025-02-04,10873.499999999993,0.0017120094975737743,10873.5,False,,0.0017120094975738012,,,
2025-02-05,10803.900390625,-0.0064214202146199995,10803.900390625,False,,-0.006421420214620505,,,
2025-02-06,10955.599609375,0.01394348919170696,10955.599609375,False,,0.013943489191707018,,,
2025-02-07,11076.400390625005,0.010966048639668102,11076.400390625,False,,0.010966048639667735,,,
2025-02-10,10923.700195312507,-0.013881995397559521,10923.7001953125,False,,-0.013881995397559677,,,
2025-02-11,10976.79980468749,0.004849178185517999,10976.7998046875,False,,0.004849178185519538,,,
2025-02-12,10878.900390624993,-0.008958767549582802,10878.900390625,False,,-0.008958767549583007,,,
2025-02-13,11041.000000000005,0.014790447174965138,11041.0,False,,0.014790447174963917,,,
2025-02-14,10987.599609375005,-0.004848287787138972,10987.599609375,False,,-0.004848287787139112,,,
2025-02-17,10941.400390625005,-0.004213533412485759,10941.400390625,False,,-0.004213533412485697,,,
2025-02-18,11047.500000000005,0.00965036276538278,11047.5,False,,0.00965036276538283,,,
2025-02-19,10863.700195312502,-0.01677718374768311,10863.7001953125,False,,-0.016777183747682927,,,
2025-02-20,10909.99999999999,0.004252825569903251,10910.0,False,,0.0042528255699043165,,,
2025-02-21,10689.099609374993,-0.02045530572906351,10689.099609375,False,,-0.020455305729063827,,,
2025-02-24,10647.599609375007,-0.003890016155430942,10647.599609375,False,,-0.0038900161554321386,,,
2025-02-25,10545.799804687493,-0.009606820088759349,10545.7998046875,False,,-0.009606820088758038,,,
2025-02-26,10709.200195312504,0.015375545490545761,10709.2001953125,False,,0.015375545490544712,,,
2025-02-27,10904.40039062501,0.0180632099675897,10904.400390625,False,,0.01806320996758914,,,
2025-02-28,10790.099609375007,-0.010537402464336765,10790.099609375,False,,-0.01053740246433649,,,
2025-03-03,11121.499999999993,0.03025116094612379,11121.5,False,,0.0302511609461251,,,
2025-03-04,11122.40039062499,8.095618211534372e-05,11122.400390625,False,,8.095618211561754e-05,,,
2025-03-05,11471.499999999993,0.030904570534316278,11471.5,False,,0.030904570534315973,,,
2025-03-06,11786.999999999998,0.027131530716353325,11787.0,False,,0.027131530716352884,,,
2025-03-07,11803.000000000002,0.0013565072024999125,11803.0,False,,0.0013565072024995556,,,
2025-03-10,11689.20019531249,-0.009688381155360304,11689.2001953125,False,,-0.009688381155359325,,,
2025-03-11,11705.09960937499,0.0013592556001409406,11705.099609375,False,,0.0013592556001409386,,,
2025-03-12,11895.599609374998,0.016143940115229682,11895.599609375,False,,0.016143940115228964,,,
2025-03-13,12025.400390624998,0.010852560948237056,12025.400390625,False,,0.010852560948236997,,,
2025-03-14,12100.70019531251,0.006242206354462709,12100.7001953125,False,,0.006242206354461679,9.288936164436175,0.11208243285560471,10817.669753188864
2025-03-17,11910.270570195866,-0.015862217299904557,12112.0,True,37.0,0.0009333783854515107,9.287264474523079,0.11468750115415105,10799.601070604283
2025-03-18,11378.324680361586,-0.045690899285855124,12008.599609375,True,38.0,-0.00857366945212302,9.285552655186931,0.10782565103817632,10781.129918816878
2025-03-19,10788.17439325829,-0.053259631091492565,10940.2998046875,True,39.0,-0.09316982617421853,9.283803378049443,0.01640510200144618,10762.287220089489
2025-03-20,10743.111779939045,-0.004185786092961052,10800.900390625,True,40.0,-0.012823700911306336,9.282020063521566,0.005364715618016547,10743.111779939045
2025-03-21,10599.592249100608,-0.01344925122726437,9904.599609375,True,41.0,-0.08663024390574248,9.280206245938574,-0.07945171070473478,10723.643396282314
2025-03-24,10456.859727466668,-0.013557337009011405,10215.5,True,42.0,0.030906918446027002,9.278365496890714,-0.04670404321084831,10703.922016535103
2025-03-25,10664.789370367022,0.019689405811165628,10661.5,True,43.0,0.04273294708642195,9.276500836220242,-0.0021064354539532815,10683.981431121467
2025-03-26,10573.299804687502,-0.008615665078107071,10573.2998046875,False,,-0.0083071847479401,9.27461495943578,-0.008527743417431566,10663.851745594191
2025-03-27,10516.599609375,-0.005377013025066546,10516.599609375,False,,-0.005377013025066275,,,
2025-03-28,10577.099609374996,0.00573632583557071,10577.099609375,False,,0.005736325835570995,,,
2025-04-02,10399.400390625007,-0.016943100109083176,10399.400390625,False,,-0.01694310010908415,,,
2025-04-03,10332.400390625005,-0.006463522774737385,10332.400390625,False,,-0.006463522774737115,,,
2025-04-04,10220.299804687507,-0.0109087075209775,10220.2998046875,False,,-0.0109087075209777,,,
2025-04-07,10264.099609375,0.004276412556887266,10264.099609375,False,,0.004276412556888025,,,
2025-04-08,10329.09960937501,0.006312784640243763,10329.099609375,False,,0.006312784640242883,,,
2025-04-09,10108.90039062499,-0.02154885404965512,10108.900390625,False,,-0.021548854049653506,,,
2025-04-10,10162.2001953125,0.005258710773109243,10162.2001953125,False,,0.00525871077310836,,,
2025-04-11,10214.799804687496,0.005162656544452915,10214.7998046875,False,,0.005162656544453388,,,
2025-04-14,10249.499999999993,0.0033912939998490543,10249.5,False,,0.0033912939998494373,,,
2025-04-15,10196.900390625007,-0.005145133070515229,10196.900390625,False,,-0.005145133070516699,,,
2025-04-16,10075.599609374996,-0.01196717019630178,10075.599609375,False,,-0.011967170196300652,,,
2025-04-17,10197.999999999998,0.012075001992975842,10198.0,False,,0.012075001992975792,,,
2025-04-18,10101.7001953125,-0.00948787678313856,10101.7001953125,False,,-0.009487876783138897,,,
2025-04-21,10109.7998046875,0.0008014852740849676,10109.7998046875,False,,0.0008014852740849086,,,
2025-04-22,10137.500000000004,0.0027361883176215684,10137.5,False,,0.0027361883176211447,,,
2025-04-24,10365.400390624998,0.022231954800464138,10365.400390625,False,,0.022231954800464866,,,
2025-04-25,10280.099609375005,-0.008263424634002092,10280.099609375,False,,-0.008263424634002885,,,
2025-04-28,10166.900390625002,-0.011072565685182667,10166.900390625,False,,-0.011072565685182225,,,
2025-04-29,10064.799804687495,-0.01009321527353002,10064.7998046875,False,,-0.010093215273529374,,,
2025-04-30,9900.099609374996,-0.016499350006323965,9900.099609375,False,,-0.016499350006324114,,,
2025-05-02,10000.500000000007,0.010090273101130975,10000.5,False,,0.010090273101129822,,,
2025-05-05,9931.900390625004,-0.006883253284081903,9931.900390625,False,,-0.006883253284081523,,,
2025-05-06,9967.599609374996,0.0035879551795350295,9967.599609375,False,,0.0035879551795356453,,,
2025-05-07,9922.500000000007,-0.004534887964457113,9922.5,False,,-0.004534887964458087,,,
2025-05-08,10175.70019531249,0.02519763855003987,10175.7001953125,False,,0.025197638550041403,,,
2025-05-09,10286.900390624995,0.010868734842475192,10286.900390625,False,,0.010868734842474996,,,
2025-05-12,10709.599609374995,0.040269219947665746,10709.599609375,False,,0.040269219947665656,,,
2025-05-13,10645.299804687495,-0.0060220371690480334,10645.2998046875,False,,-0.006022037169048143,,,
2025-05-14,10650.000000000007,0.00044143030921794946,10650.0,False,,0.00044143030921682763,,,
2025-05-15,10469.000000000002,-0.017141382818216755,10469.0,False,,-0.017141382818216217,,,
2025-05-16,10615.099609374998,0.013858969605815119,10615.099609375,False,,0.013858969605815284,,,
2025-05-20,10444.400390625007,-0.016211491937026423,10444.400390625,False,,-0.01621149193702719,,,
2025-05-21,10312.099609375005,-0.012748061856521886,10312.099609375,False,,-0.012748061856521744,,,
2025-05-22,10404.200195312502,0.008891664400245247,10404.2001953125,False,,0.008891664400245405,,,
2025-05-23,10268.200195312495,-0.013157829719554925,10268.2001953125,False,,-0.013157829719554183,,,
2025-05-26,10290.799804687495,0.002198513398303348,10290.7998046875,False,,0.0021985133983035404,,,
2025-05-27,10155.200195312507,-0.01326436442565182,10155.2001953125,False,,-0.01326436442565314,,,
2025-05-28,10137.2998046875,-0.0017642375525905862,10137.2998046875,False,,-0.0017642375525898399,,,
2025-05-29,10124.799804687495,-0.0012338308296531153,10124.7998046875,False,,-0.0012338308296525396,,,
2025-05-30,9939.799804687507,-0.018440960328410583,9939.7998046875,False,,-0.0184409603284119,,,
2025-06-02,9971.200195312493,0.0031540773096718766,9971.2001953125,False,,0.003154077309673276,,,
2025-06-03,10300.299804687507,0.03247204466135223,10300.2998046875,False,,0.032472044661350875,,,
2025-06-04,10528.700195312496,0.021931878221632672,10528.7001953125,False,,0.021931878221633564,,,
2025-06-05,10539.599609374993,0.0010346743815023984,10539.599609375,False,,0.0010346743815027632,,,
2025-06-10,10733.400390625005,0.018220856770163607,10733.400390625,False,,0.018220856770162473,,,
2025-06-11,10758.099609374993,0.0022985114695703857,10758.099609375,False,,0.002298511469571579,,,
2025-06-12,10568.99999999999,-0.01773373487885621,10569.0,False,,-0.017733734878856038,,,
2025-06-13,10355.099609375,-0.020446073778801477,10355.099609375,False,,-0.020446073778802434,,,
2025-06-16,10397.999999999993,0.004134365713115429,10398.0,False,,0.00413436571311603,,,
2025-06-17,10383.0,-0.0014436266402064746,10383.0,False,,-0.0014436266402070973,,,
2025-06-18,10211.400390624998,-0.016665071820954225,10211.400390625,False,,-0.016665071820954155,,,
2025-06-19,10101.50000000001,-0.010820853828901633,10101.5,False,,-0.01082085382890257,,,
2025-06-20,10218.700195312493,0.011535466560976815,10218.7001953125,False,,0.011535466560978367,,,
2025-06-23,10164.70019531249,-0.005298441407788346,10164.7001953125,False,,-0.005298441407788206,,,
2025-06-24,10515.900390625,0.03396748182476905,10515.900390625,False,,0.03396748182476822,,,
2025-06-25,10486.700195312493,-0.002780628428125098,10486.7001953125,False,,-0.002780628428124372,9.296252426963674,-0.03838934176024367,10897.104894882887
2025-06-26,10479.256359274146,-0.0007100879305692587,10333.0,True,44.0,-0.01476514898907627,9.299318180448386,-0.056220244234031824,10930.563994657112
2025-06-27,10842.650307642518,0.03408974116210928,10485.400390625,True,45.0,0.01464119338588448,9.302410608046547,-0.04467147844630759,10964.4182914191
2025-06-30,10998.648592955264,0.014284950612335479,11160.5,True,46.0,0.06239690819882754,9.305527689047306,0.014608348751760758,10998.648592955264
2025-07-01,11095.052414070726,0.00872687042456377,11282.599609375,True,47.0,0.010880922524761022,9.308667092521217,0.02234986780261039,11033.23204585829
2025-07-02,11325.047917821146,0.020517622024598836,11412.0,True,48.0,0.011403752009562727,9.3118265889857,0.03059412334769185,11068.14663070836
2025-07-03,11423.900390624995,0.008690783736847507,11423.900390625,False,,0.0010422528999259827,9.31500410416559,0.028458861067726104,11103.371769208994
2025-07-04,11492.200195312495,0.005960875120717191,11492.2001953125,False,,0.005960875120717348,,,
2025-07-07,11307.999999999996,-0.016158121540552628,11308.0,False,,-0.016158121540552864,,,
2025-07-08,11171.599609374993,-0.012135631150483661,11171.599609375,False,,-0.012135631150483342,,,
2025-07-09,11362.599609375002,0.016952417285962085,11362.599609375,False,,0.01695241728596124,,,
2025-07-10,11549.900390624993,0.016349586775479708,11549.900390625,False,,0.016349586775480422,,,
2025-07-11,11565.499999999998,0.0013497159019166816,11565.5,False,,0.001349715901916163,,,
2025-07-14,11413.799804687495,-0.01320339613616639,11413.7998046875,False,,-0.013203396136166114,,,
2025-07-16,11274.500000000005,-0.012279594000622396,11274.5,False,,-0.012279594000623298,,,
2025-07-17,11553.799804687493,0.024470831774708657,11553.7998046875,False,,0.024470831774709694,,,
2025-07-18,11533.40039062501,-0.0017671626874307123,11533.400390625,False,,-0.001767162687432157,,,
2025-07-21,11829.099609375004,0.025315356710764902,11829.099609375,False,,0.02531535671076527,,,
2025-07-22,11808.500000000002,-0.001742953170403183,11808.5,False,,-0.0017429531704029509,,,
2025-07-23,11766.400390624993,-0.0035715658119102045,11766.400390625,False,,-0.003571565811909462,,,
2025-07-24,11883.099609374996,0.009869144460326496,11883.099609375,False,,0.009869144460326157,,,
2025-07-25,11818.20019531251,-0.0054764571395011785,11818.2001953125,False,,-0.005476457139502248,,,
2025-07-28,11700.499999999995,-0.010009156710655276,11700.5,False,,-0.010009156710654124,,,
2025-07-29,11626.49999999999,-0.006344600525791222,11626.5,False,,-0.006344600525790782,,,
2025-07-30,11774.299804687502,0.012632198156792285,11774.2998046875,False,,0.012632198156791372,,,
2025-07-31,11916.099609374996,0.011971220548090855,11916.099609375,False,,0.011971220548091358,,,
2025-08-01,11902.299804687495,-0.001158751769310129,11902.2998046875,False,,-0.0011587517693101047,,,
2025-08-04,12032.59960937499,0.010887958178440016,12032.599609375,False,,0.010887958178440373,,,
2025-08-05,11999.0,-0.0027962875392990583,11999.0,False,,-0.0027962875392999282,,,
2025-08-06,12083.599609375004,0.007025816045450384,12083.599609375,False,,0.007025816045450146,,,
2025-08-07,12138.200195312507,0.004508391520051447,12138.2001953125,False,,0.004508391520051085,,,
2025-08-08,12164.400390624998,0.002156164758609691,12164.400390625,False,,0.0021561647586104517,,,
2025-08-11,12241.900390624995,0.00635084039810252,12241.900390625,False,,0.006350840398102883,,,
2025-08-12,12139.900390624993,-0.008366945162377348,12139.900390625,False,,-0.00836694516237721,,,
2025-08-13,12166.099609374993,0.0021557828434559667,12166.099609375,False,,0.0021557828434558535,,,
2025-08-14,12013.40039062499,-0.012630637423574953,12013.400390625,False,,-0.01263063742357476,,,
2025-08-15,12065.500000000007,0.004327414444469824,12065.5,False,,0.004327414444468405,,,
2025-08-18,12116.700195312502,0.00423454205211371,12116.7001953125,False,,0.0042345420521142305,,,
2025-08-19,12135.0,0.0015091567200116174,12135.0,False,,0.0015091567200117063,,,
2025-08-20,12334.200195312498,0.01628206843401614,12334.2001953125,False,,0.01628206843401636,,,
2025-08-21,12537.000000000007,0.016308364521307794,12537.0,False,,0.016308364521306986,,,
2025-08-22,12611.50000000001,0.005924823980304694,12611.5,False,,0.0059248239803047,,,
2025-08-25,12675.400390625004,0.005054041868076453,12675.400390625,False,,0.005054041868076886,,,
2025-08-26,12750.0,0.005868133622165317,12750.0,False,,0.005868133622165588,,,
2025-08-27,12550.0,-0.015810606026642304,12550.0,False,,-0.015810606026642315,,,
2025-08-28,12545.900390625005,-0.0003267154672794703,12545.900390625,False,,-0.00032671546727992335,,,
2025-08-29,12423.200195312507,-0.009828242116077135,12423.2001953125,False,,-0.009828242116077222,,,
2025-09-01,12403.900390624995,-0.0015547372121318404,12403.900390625,False,,-0.001554737212130884,,,
2025-09-02,11905.70019531249,-0.04099367734308146,11905.7001953125,False,,-0.04099367734308114,,,
2025-09-03,11711.200195312505,-0.016471627886746276,11711.2001953125,False,,-0.016471627886747484,,,
2025-09-04,11783.299804687502,0.006137592688315152,11783.2998046875,False,,0.0061375926883153265,,,
2025-09-05,11682.999999999996,-0.008548464505780728,11683.0,False,,-0.008548464505780225,,,
2025-09-08,11396.599609374998,-0.024819762708238713,11396.599609375,False,,-0.024819762708238796,,,
2025-09-09,11491.700195312495,0.008310021628885167,11491.7001953125,False,,0.008310021628885337,,,
2025-09-10,11645.5,0.0132947866416675,11645.5,False,,0.013294786641667184,9.396966539213697,-0.03429142093423465,12051.76666304699
2025-09-11,11595.520415401254,-0.004300986854360644,11449.7998046875,True,49.0,-0.016947593756697223,9.39631395213211,-0.0505864276093444,12043.904401496566
2025-09-12,11891.651827700569,0.025217774405264848,11469.2001953125,True,50.0,0.0016929530309878833,9.395649048589238,-0.0482285710354855,12035.899028485375
2025-09-15,12027.73726747841,0.011378794630637401,12194.7998046875,True,51.0,0.06134441678173419,9.394970700461004,0.01379419387448344,12027.73726747841
2025-09-16,12104.126441207934,0.00633100118593255,12361.900390625,True,52.0,0.013609578144182045,9.394277444702691,0.028097027776977868,12019.401858977068
2025-09-17,12235.422563204474,0.010788810879411415,12311.2001953125,True,53.0,-0.004109760465407895,9.393567914062604,0.024696797951657246,12010.876749853323
2025-09-18,12148.299804687495,-0.007146007319873249,12148.2998046875,False,,-0.013320206807786159,9.392840936407294,0.012103568799179953,12002.148283919763
2025-09-19,12494.200195312502,0.028075326034860737,12494.2001953125,False,,0.028075326034860154,,,
2025-09-22,12703.900390624993,0.01664451142650769,12703.900390625,False,,0.016644511426508392,,,
2025-09-23,12561.29980468749,-0.011288420365774599,12561.2998046875,False,,-0.01128842036577447,,,
2025-09-24,12570.999999999993,0.0007719306127622616,12571.0,False,,0.000771930612762215,,,
2025-09-25,12575.799804687493,0.0003817427889885039,12575.7998046875,False,,0.0003817427889885549,,,
2025-09-26,12262.000000000004,-0.0252692673811854,12262.0,False,,-0.0252692673811863,,,
2025-09-29,12178.500000000011,-0.00683294735202189,12178.5,False,,-0.0068329473520223494,,,
2025-09-30,12179.700195312507,9.854548397214558e-05,12179.7001953125,False,,9.854548397244811e-05,,,
2025-10-01,12449.799804687495,0.021933895364206535,12449.7998046875,False,,0.021933895364207624,,,
2025-10-02,12275.50000000001,-0.014099136788086497,12275.5,False,,-0.014099136788087673,,,
2025-10-03,11976.900390625004,-0.024625578839414075,11976.900390625,False,,-0.024625578839413655,,,
2025-10-06,11824.0,-0.012848463003306776,11824.0,False,,-0.012848463003306528,,,
2025-10-07,11892.90039062501,0.0058102520417318,11892.900390625,False,,0.005810252041731011,,,
2025-10-08,11800.400390625007,-0.007808153942717055,11800.400390625,False,,-0.007808153942716844,,,
2025-10-09,11747.900390625,-0.0044589278412559,11747.900390625,False,,-0.004458927841255288,,,
2025-10-10,11702.200195312504,-0.0038976594578343793,11702.2001953125,False,,-0.0038976594578347865,,,
2025-10-13,11507.900390624993,-0.01674308501738153,11507.900390625,False,,-0.016743085017380536,,,
2025-10-14,11231.799804687504,-0.024284766520516143,11231.7998046875,False,,-0.024284766520517125,,,
2025-10-15,11381.500000000005,0.01324020673743398,11381.5,False,,0.013240206737433948,,,
2025-10-16,11267.299804687502,-0.010084522281038844,11267.2998046875,False,,-0.010084522281038505,,,
2025-10-17,11063.00000000001,-0.018298500871493317,11063.0,False,,-0.01829850087149386,,,
2025-10-20,11412.099609375005,0.03106795473699009,11412.099609375,False,,0.031067954736990356,,,
2025-10-21,11391.00000000001,-0.0018505918719888825,11391.0,False,,-0.001850591871989273,,,
2025-10-22,11487.799804687504,0.008462015764061803,11487.7998046875,False,,0.008462015764062199,,,
2025-10-23,11567.799804687502,0.006939773627655299,11567.7998046875,False,,0.006939773627655469,,,
2025-10-24,11973.099609375004,0.03443707489073233,11973.099609375,False,,0.03443707489073231,,,
2025-10-27,11860.900390624998,-0.00941512524711463,11860.900390625,False,,-0.009415125247114109,,,
2025-10-28,11881.599609375,0.001743643171048248,11881.599609375,False,,0.001743643171048185,,,
2025-10-30,11800.400390625007,-0.006857489819298124,11800.400390625,False,,-0.006857489819298809,,,
2025-10-31,11940.900390624998,0.011836052416517973,11940.900390625,False,,0.011836052416518673,,,
2025-11-03,12013.40039062499,0.006053211240590883,12013.400390625,False,,0.006053211240591567,,,
2025-11-04,11830.700195312507,-0.015324861615654939,11830.7001953125,False,,-0.01532486161565632,,,
2025-11-05,11878.000000000002,0.003990085247354003,11878.0,False,,0.003990085247354491,,,
2025-11-06,12018.400390624989,0.011750891674653374,12018.400390625,False,,0.011750891674654523,,,
2025-11-07,11842.099609374993,-0.014777895661012508,11842.099609375,False,,-0.01477789566101277,,,
2025-11-10,11649.700195312498,-0.01638050023467308,11649.7001953125,False,,-0.0163805002346735,,,
2025-11-11,11434.500000000004,-0.018645344258334973,11434.5,False,,-0.01864534425833557,,,
2025-11-12,11543.900390625007,0.009522091649303732,11543.900390625,False,,0.009522091649303356,,,
2025-11-13,11518.49999999999,-0.002202754307035093,11518.5,False,,-0.0022027543070336796,,,
2025-11-14,11454.70019531251,-0.005554295280125743,11454.7001953125,False,,-0.005554295280127397,,,
2025-11-17,11577.700195312495,0.010680707803464529,11577.7001953125,False,,0.01068070780346581,,,
2025-11-18,11622.400390625,0.0038534531744858214,11622.400390625,False,,0.0038534531744853925,,,
2025-11-19,11856.200195312496,0.019916649826319244,11856.2001953125,False,,0.019916649826319677,,,
2025-11-20,11940.79980468751,0.007110137057537713,11940.7998046875,False,,0.00711013705753669,,,
2025-11-21,11865.499999999996,-0.006326061288316254,11865.5,False,,-0.006326061288315142,,,
2025-11-24,11804.700195312489,-0.0051372559506681625,11804.7001953125,False,,-0.005137255950667606,,,
2025-11-25,11798.400390624996,-0.000533811633276926,11798.400390625,False,,-0.0005338116332774967,,,
2025-11-26,11909.900390624995,0.009406057658686962,11909.900390625,False,,0.009406057658687133,,,
2025-11-27,11940.999999999996,0.0026078367265700564,11941.0,False,,0.0026078367265698022,,,
2025-11-28,11911.700195312504,-0.0024567297776947328,11911.7001953125,False,,-0.00245672977769532,,,
2025-12-01,12156.599609374996,0.020351073271719144,12156.599609375,False,,0.020351073271719724,,,
2025-12-02,12137.400390625004,-0.0015805732071267897,12137.400390625,False,,-0.0015805732071273494,,,
2025-12-03,12012.299804687496,-0.010360518263333063,12012.2998046875,False,,-0.010360518263332542,,,
2025-12-04,11830.099609374989,-0.015284010554454497,11830.099609375,False,,-0.015284010554453883,,,
2025-12-05,11911.400390624993,0.006848859511563887,11911.400390625,False,,0.006848859511563607,,,
2025-12-08,12134.700195312505,0.018573175557561328,12134.7001953125,False,,0.01857317555756036,,,
2025-12-09,12188.2001953125,0.0043991535072613885,12188.2001953125,False,,0.004399153507261728,,,
2025-12-10,12145.59960937501,-0.0035013544782298567,12145.599609375,False,,-0.003501354478230578,,,
2025-12-11,12191.79980468751,0.003796646471762699,12191.7998046875,False,,0.0037966464717626353,,,
2025-12-12,12289.099609374998,0.007949080251389518,12289.099609375,False,,0.007949080251390479,,,
2025-12-15,12478.099609375011,0.015262417614794188,12478.099609375,False,,0.015262417614793215,,,
2025-12-16,12322.900390625011,-0.012515724741371415,12322.900390625,False,,-0.012515724741371439,,,
2025-12-17,12249.599609374989,-0.005966100207498215,12249.599609375,False,,-0.005966100207496446,,,
2025-12-18,12286.700195312511,0.0030241409265379104,12286.7001953125,False,,0.003024140926536126,,,
2025-12-19,12303.999999999998,0.001407020329159181,12304.0,False,,0.0014070203291602333,,,
2025-12-22,12280.90039062501,-0.001879171020062742,12280.900390625,False,,-0.0018791710200635613,,,
2025-12-23,12250.599609374995,-0.0024703582463079243,12250.599609375,False,,-0.0024703582463067413,,,
2025-12-24,12325.099609374993,0.006062918295729247,12325.099609375,False,,0.006062918295729277,,,
2025-12-26,12229.299804687504,-0.007803106006660343,12229.2998046875,False,,-0.007803106006661213,,,
2025-12-29,12084.799804687498,-0.011886247370771486,12084.7998046875,False,,-0.011886247370771007,,,
2025-12-30,12203.299804687498,0.009757942546070097,12203.2998046875,False,,0.009757942546070226,,,
2025-12-31,12223.599609374998,0.001662086457772105,12223.599609375,False,,0.0016620864577721022,,,
2026-01-02,12514.00000000001,0.023479540157115508,12514.0,False,,0.023479540157114676,,,
2026-01-05,12739.499999999995,0.017859385329863642,12739.5,False,,0.017859385329864794,,,
2026-01-06,13113.500000000011,0.028934831016218965,13113.5,False,,0.028934831016217636,,,
2026-01-07,13072.599609375011,-0.003123827106362498,13072.599609375,False,,-0.003123827106362448,,,
2026-01-08,13121.499999999989,0.0037336994332495266,13121.5,False,,0.003733699433251169,,,
2026-01-09,13248.900390624996,0.009662453352486722,13248.900390625,False,,0.009662453352486135,,,
2026-01-12,13379.099609374996,0.009779199065441446,13379.099609375,False,,0.009779199065441514,,,
2026-01-13,13555.70019531251,0.013113378819046062,13555.7001953125,False,,0.013113378819045224,,,
2026-01-14,13522.400390624993,-0.002459538945032591,13522.400390625,False,,-0.002459538945031465,,,
2026-01-15,13660.200195312489,0.010138911080733948,13660.2001953125,False,,0.01013891108073425,,,
2026-01-16,13918.000000000005,0.018696456800840977,13918.0,False,,0.018696456800839676,,,
2026-01-19,14016.599609374996,0.0070593472055673345,14016.599609375,False,,0.0070593472055679105,,,
2026-01-20,14052.000000000005,0.0025224207753549166,14052.0,False,,0.002522420775354381,,,
2026-01-21,13908.599609375,-0.010257408635157006,13908.599609375,False,,-0.010257408635156779,,,
2026-01-22,14033.59960937499,0.008947100611573333,14033.599609375,False,,0.008947100611574069,,,
2026-01-23,14201.299804687511,0.011879069579469714,14201.2998046875,False,,0.011879069579468222,,,
2026-01-26,14444.799804687505,0.0170009787202563,14444.7998046875,False,,0.01700097872025664,,,
2026-01-27,14288.099609375005,-0.010907479029077294,14288.099609375,False,,-0.010907479029077276,,,
2026-01-28,14651.299804687507,0.025102059746155092,14651.2998046875,False,,0.025102059746154818,,,
2026-01-29,15165.799804687511,0.03451382452365337,15165.7998046875,False,,0.034513824523653217,,,
2026-01-30,15128.000000000005,-0.0024955485642976782,15128.0,False,,-0.002495548564297323,,,
2026-02-02,14911.70019531249,-0.014401178543106852,14911.7001953125,False,,-0.01440117854310582,,,
2026-02-03,15165.799804687511,0.01689672710740453,15165.7998046875,False,,0.016896727107403118,,,
2026-02-04,15108.599609374995,-0.0037787876545305465,15108.599609375,False,,-0.0037787876545293175,,,
2026-02-05,14770.900390624995,-0.022605036807140877,14770.900390625,False,,-0.022605036807140932,,,
2026-02-06,14777.400390625011,0.00043995762416138007,14777.400390625,False,,0.00043995762416041225,,,
2026-02-09,15098.900390624987,0.021522906273382603,15098.900390625,False,,0.02152290627338401,,,
2026-02-10,15014.900390625011,-0.005578851934046725,15014.900390625,False,,-0.005578851934048145,,,
2026-02-11,15096.799804687495,0.005439720473123799,15096.7998046875,False,,0.0054397204731248625,,,
2026-02-12,15684.599609374995,0.038196526445007706,15684.599609375,False,,0.03819652644500763,,,
2026-02-13,15705.999999999989,0.0013634906122703683,15706.0,False,,0.0013634906122708362,,,
2026-02-16,15828.200195312496,0.007750366665419506,15828.2001953125,False,,0.007750366665419063,,,
2026-02-17,15616.200195312487,-0.013484322145286498,15616.2001953125,False,,-0.013484322145285943,,,
2026-02-18,15705.700195312489,0.005714866752695613,15705.7001953125,False,,0.005714866752695443,,,
2026-02-19,15278.599609375005,-0.027570585288238192,15278.599609375,False,,-0.02757058528823927,,,
2026-02-20,15490.900390624989,0.01379964902135633,15490.900390625,False,,0.013799649021357316,,,
2026-02-23,15707.099609374989,0.013860034600817528,15707.099609375,False,,0.013860034600817502,,,
2026-02-24,15662.200195312496,-0.002862636080717351,15662.2001953125,False,,-0.002862636080717847,,,
2026-02-25,15439.299804687496,-0.014333984347754125,15439.2998046875,False,,-0.014333984347754045,,,
2026-02-26,15586.900390625005,0.009514648813722104,15586.900390625,False,,0.009514648813721516,,,
2026-02-27,15483.700195312495,-0.006642972641461853,15483.7001953125,False,,-0.0066429726414611355,,,
2026-03-02,15136.900390624993,-0.02265237306735024,15136.900390625,False,,-0.022652373067350063,,,
2026-03-03,14657.799804687487,-0.032162893576382245,14657.7998046875,False,,-0.032162893576381905,,,
2026-03-04,14715.900390624995,0.003955964779537524,14715.900390625,False,,0.00395596477953699,,,
2026-03-05,14899.000000000005,0.01236552816616232,14899.0,False,,0.01236552816616147,,,
2026-03-06,14531.700195312505,-0.0249616131146837,14531.7001953125,False,,-0.02496161311468364,,,
2026-03-09,14437.700195312489,-0.006489628962652816,14437.7001953125,False,,-0.006489628962651664,,,
2026-03-10,14985.200195312498,0.03722020586540076,14985.2001953125,False,,0.0372202058654001,,,
2026-03-11,15023.500000000005,0.002552581433649337,15023.5,False,,0.0025525814336488178,,,
2026-03-12,15086.200195312489,0.004164789787751033,15086.2001953125,False,,0.004164789787752012,,,
2026-03-13,14869.599609374987,-0.014461597572703155,14869.599609375,False,,-0.01446159757270292,,,
2026-03-16,14709.099609374998,-0.010852510725852582,14709.099609375,False,,-0.010852510725853245,,,
2026-03-17,15060.000000000004,0.023575899055636285,15060.0,False,,0.02357589905563588,,,
2026-03-18,14963.20019531249,-0.0064483559033892135,14963.2001953125,False,,-0.006448355903388397,,,
2026-03-19,14847.000000000013,-0.007796041830498979,14847.0,False,,-0.007796041830500443,,,
2026-03-23,15051.599609374996,0.013686447246241684,15051.599609375,False,,0.013686447246242845,,,
2026-03-24,14758.70019531249,-0.01965151923772268,14758.7001953125,False,,-0.01965151923772229,,,
2026-03-25,14789.900390624995,0.002111789139856768,14789.900390625,False,,0.0021117891398565788,,,
2026-03-26,14481.200195312496,-0.021093271846945427,14481.2001953125,False,,-0.021093271846945507,,,
2026-03-27,14453.700195312496,-0.0019008192811309499,14453.7001953125,False,,-0.0019008192811310201,,,
2026-03-30,14318.599609375007,-0.009391086549081606,14318.599609375,False,,-0.00939108654908238,,,
2026-03-31,14518.000000000005,0.013829894753571992,14518.0,False,,0.013829894753572096,,,
2026-04-01,14686.799804687511,0.011559859033001274,14686.7998046875,False,,0.01155985903300099,,,
2026-04-02,14881.499999999995,0.013169712880278794,14881.5,False,,0.01316971288027992,,,
2026-04-03,14757.299804687505,-0.008380968400999222,14757.2998046875,False,,-0.008380968401000022,,,
2026-04-06,14970.900390625005,0.014370480582224232,14970.900390625,False,,0.01437048058222436,,,
2026-04-07,14759.599609374993,-0.01421465088887608,14759.599609375,False,,-0.014214650888875316,,,
2026-04-08,15520.700195312496,0.05028093734646433,15520.7001953125,False,,0.05028093734646411,,,
2026-04-09,15712.099609374993,0.01225646187781848,15712.099609375,False,,0.01225646187781867,,,
2026-04-10,16188.900390625011,0.029894755043128995,16188.900390625,False,,0.02989475504312791,,,
2026-04-13,16176.700195312498,-0.0007538989340218905,16176.7001953125,False,,-0.0007538989340211606,,,
2026-04-14,16324.799804687495,0.009113464573076158,16324.7998046875,False,,0.009113464573076347,,,
2026-04-15,16366.2998046875,0.0025389187141868774,16366.2998046875,False,,0.0025389187141863943,,,
2026-04-16,16277.7001953125,-0.0054282457376633175,16277.7001953125,False,,-0.005428245737663225,,,
2026-04-17,16723.19921874999,0.027000845236294424,16723.19921875,False,,0.02700084523629511,,,
2026-04-20,16591.199218750004,-0.007924542958750891,16591.19921875,False,,-0.00792454295875166,,,
2026-04-21,16472.0,-0.007210417503323185,16472.0,False,,-0.007210417503323005,,,
2026-04-22,16458.09960937499,-0.000844236222514283,16458.099609375,False,,-0.0008442362225135991,,,
2026-04-24,16535.900390624993,0.0047160650693438555,16535.900390625,False,,0.004716065069343472,,,
2026-04-27,16785.900390625,0.015005472996184821,16785.900390625,False,,0.015005472996184587,,,
2026-04-28,16470.199218750007,-0.018986631596005665,16470.19921875,False,,-0.01898663159600601,,,
2026-04-29,16478.40039062499,0.0004978161221771416,16478.400390625,False,,0.0004978161221780799,,,
2026-04-30,16601.099609375007,0.0074184786025650595,16601.099609375,False,,0.007418478602564149,,,
2026-05-04,16486.800781249985,-0.006908826575081406,16486.80078125,False,,-0.006908826575080144,,,
2026-05-05,16637.199218750007,0.0090809969232577,16637.19921875,False,,0.009080996923256415,,,
2026-05-06,17146.69921875001,0.03016458466368732,17146.69921875,False,,0.03016458466368717,,,
2026-05-07,17196.5,0.0029001850316436872,17196.5,False,,0.0029001850316441175,,,
2026-05-08,17207.099609374985,0.0006161919003080385,17207.099609375,False,,0.000616191900308887,,,
2026-05-11,17272.30078125,0.0037820408043760523,17272.30078125,False,,0.0037820408043752474,,,
2026-05-12,16812.900390625004,-0.026957635311184447,16812.900390625,False,,-0.02695763531118465,,,
2026-05-13,16629.599609375004,-0.010962255624843209,16629.599609375,False,,-0.010962255624843343,,,
2026-05-14,16653.199218749993,0.001418126729781477,16653.19921875,False,,0.0014181267297821718,,,
2026-05-15,16368.599609375013,-0.017237501674554068,16368.599609375,False,,-0.017237501674555393,9.694867742417939,0.008252378128828397,16234.075571017638
2026-05-18,16056.30017707058,-0.019263534613155997,15994.0,True,54.0,-0.023151189654931438,9.695519551058943,-0.015550620167108065,16244.660531063
2026-05-20,16186.227446948702,0.008059416102183192,15981.2998046875,True,55.0,-0.0007943754121417383,9.696163150887829,-0.0169885954081348,16255.118956960645
2026-05-21,16265.497527848263,0.004885425266309085,15051.900390625,True,56.0,-0.05991502147195903,9.696801427302104,-0.07754189329437011,16265.497527848263
2026-05-22,16153.27826990354,-0.006923130402233468,15791.099609375,True,57.0,0.04794221042299177,9.697437147722917,-0.030235403292191876,16275.841124250783
2026-05-25,15934.222331577337,-0.013653873776037884,15818.599609375,True,58.0,0.0017399727057016425,9.69807254108605,-0.02913082394962352,16286.185971856257
2026-05-26,15493.700195312493,-0.028035641847313997,15493.7001953125,False,,-0.020752935859908925,9.698709626359209,-0.05052084508269061,16296.564966896243
2026-06-01,15512.099609375004,0.0011868370652052818,15512.099609375,False,,0.001186837065204477,,,
2026-06-02,16135.900390625002,0.03942628815880589,16135.900390625,False,,0.039426288158806104,,,
2026-06-03,15836.500000000013,-0.018729225143239603,15836.5,False,,-0.018729225143240203,,,
2026-06-04,15678.40039062501,-0.010033408560884638,15678.400390625,False,,-0.010033408560884456,,,
2026-06-05,15514.599609374996,-0.010502502925943347,15514.599609375,False,,-0.01050250292594253,,,
2026-06-08,15728.499999999989,0.013692862448616339,15728.5,False,,0.013692862448616745,,,
2026-06-09,15613.000000000007,-0.007370452777557546,15613.0,False,,-0.007370452777558723,,,
2026-06-10,15646.900390625,0.0021689387036527563,15646.900390625,False,,0.0021689387036532264,,,
2026-06-11,15698.900390624993,0.0033178318246989136,15698.900390625,False,,0.0033178318246994964,,,
2026-06-12,15939.500000000004,0.015209634153752205,15939.5,False,,0.015209634153751544,,,
2026-06-15,16587.19921874999,0.03983096124565044,16587.19921875,False,,0.039830961245651296,,,
2026-06-16,16698.500000000015,0.006687628542200841,16698.5,False,,0.006687628542199305,,,
2026-06-17,16606.699218750015,-0.005512713683680559,16606.69921875,False,,-0.005512713683680498,,,
2026-06-18,17127.800781249996,0.030896738699979664,17127.80078125,False,,0.0308967386999806,,,
2026-06-19,17019.900390624985,-0.006319649407254602,17019.900390625,False,,-0.006319649407253913,,,
2026-06-22,17019.499999999985,-2.352512796477413e-05,17019.5,False,,-2.352512796488613e-05,,,
2026-06-23,16819.099609375,-0.01184462335118397,16819.099609375,False,,-0.01184462335118478,,,
2026-06-24,16588.5,-0.013805437957847388,16588.5,False,,-0.013805437957847218,,,
2026-06-25,16552.599609375015,-0.0021665186183064122,16552.599609375,False,,-0.002166518618307425,,,
2026-06-26,16561.80078125,0.0005557202910662085,16561.80078125,False,,0.0005557202910671106,,,
2026-06-29,16427.699218750007,-0.00812999900819733,16427.69921875,False,,-0.008129999008197733,,,
2026-06-30,16339.5,-0.005383397657476863,16339.5,False,,-0.005383397657476512,,,
2026-07-01,16660.800781250004,0.01947321247652667,16660.80078125,False,,0.019473212476526353,,,
2026-07-02,16792.400390625004,0.007867724678710886,16792.400390625,False,,0.007867724678711,,,
2026-07-03,16740.69921875,-0.0030835928347912045,16740.69921875,False,,-0.0030835928347910536,,,
2026-07-06,16764.199218749996,0.0014027801873464085,16764.19921875,False,,0.0014027801873466692,,,
2026-07-07,16885.800781249985,0.007227464596351041,16885.80078125,False,,0.007227464596351746,,,
2026-07-08,16488.000000000004,-0.023840234724458398,16488.0,False,,-0.023840234724459536,,,
2026-07-09,16356.499999999987,-0.008007471731538374,16356.5,False,,-0.008007471731537314,,,
2026-07-10,16615.199218750004,0.015692520172969182,16615.19921875,False,,0.015692520172968225,,,
2026-07-13,16254.799804687495,-0.02192965427158633,16254.7998046875,False,,-0.02192965427158576,,,
2026-07-14,16174.799804687496,-0.0049337742830264375,16174.7998046875,False,,-0.00493377428302662,,,
2026-07-16,16317.200195312493,0.008765314683683911,16317.2001953125,False,,0.0087653146836841,,,
2026-07-17,15961.900390624998,-0.022015121131218507,15961.900390625,False,,-0.022015121131218767,,,
2026-07-20,16077.900390625007,0.007241025475693164,16077.900390625,False,,0.007241025475692529,,,
2026-07-21,15914.20019531251,-0.010233877803333513,15914.2001953125,False,,-0.010233877803333603,,,
2026-07-22,16104.599609375013,0.011893116512284863,16104.599609375,False,,0.011893116512284545,,,
2026-07-23,16028.299804687493,-0.004749023554010634,16028.2998046875,False,,-0.004749023554009417,,,
2026-07-24,15861.799804687511,-0.010442207140298976,15861.7998046875,False,,-0.010442207140300128,,,
2026-07-27,15611.900390625011,-0.01588022152817814,15611.900390625,False,,-0.015880221528178248,,,
2026-07-28,15495.900390625,-0.0074579709757109924,15495.900390625,False,,-0.007457970975710187,,,
2026-07-29,15311.799804687487,-0.01195173779527181,15311.7998046875,False,,-0.01195173779527107,,,
2026-07-30,15033.400390624996,-0.018349341814316134,15033.400390625,False,,-0.018349341814316664,,,
2026-07-31,15248.400390625013,0.014200186729494746,15248.400390625,False,,0.014200186729493828,,,
2026-08-03,15205.400390625,-0.0028239515247960867,15205.400390625,False,,-0.0028239515247953165,,,
2026-08-04,15506.799804687496,0.019627971193386884,15506.7998046875,False,,0.019627971193387085,,,
2026-08-05,15529.0,0.0014306187846671037,15529.0,False,,0.0014306187846668543,,,
2026-08-06,15654.799804687495,0.008068323162408575,15654.7998046875,False,,0.008068323162408995,,,
2026-08-07,15595.799804687505,-0.0037759320357135806,15595.7998046875,False,,-0.0037759320357142003,,,
2026-08-10,15605.599609375,0.0006281644537597941,15605.599609375,False,,0.0006281644537601352,,,
2026-08-11,15460.200195312511,-0.009360806848054182,15460.2001953125,False,,-0.00936080684805499,,,
2026-08-12,15970.299804687498,0.03246174272358715,15970.2998046875,False,,0.03246174272358799,,,
2026-08-13,16023.599609374993,0.003331876074636142,16023.599609375,False,,0.0033318760746364434,,,
2026-08-14,16029.099609375002,0.0003431848292372308,16029.099609375,False,,0.0003431848292367099,,,
2026-08-17,16064.29980468751,0.0021936105286588514,16064.2998046875,False,,0.0021936105286583752,,,
2026-08-18,16082.999999999989,0.0011634070379376027,16083.0,False,,0.0011634070379388497,,,
2026-08-19,16582.300781250007,0.030573095037235376,16582.30078125,False,,0.030573095037234353,,,
2026-08-20,16509.099609375004,-0.0044241881824742535,16509.099609375,False,,-0.00442418818247419,,,
2026-08-21,16725.099609375,0.012998841345774892,16725.099609375,False,,0.012998841345775156,,,
2026-08-24,16766.699218749993,0.002484168197796066,16766.69921875,False,,0.0024841681977965627,,,
2026-08-25,16707.19921875001,-0.0035550124390226756,16707.19921875,False,,-0.0035550124390237654,,,
2026-08-26,16854.499999999993,0.008777965985299119,16854.5,False,,0.008777965985300354,,,
2026-08-27,16760.900390624996,-0.005568867256197763,16760.900390625,False,,-0.0055688672561980046,,,
2026-08-28,16789.09960937499,0.0016810268489155789,16789.099609375,False,,0.001681026848916069,,,
2026-08-31,16467.800781250004,-0.01932283654146616,16467.80078125,False,,-0.019322836541467096,,,
2026-09-01,16489.300781249985,0.0013047265706411793,16489.30078125,False,,0.0013047265706422138,,,
2026-09-02,16330.000000000004,-0.009707826097637096,16330.0,False,,-0.009707826097638171,,,
2026-09-03,16298.799804687489,-0.0019124334948621424,16298.7998046875,False,,-0.0019124334948612605,,,
2026-09-04,16445.400390625,0.008954353113123759,16445.400390625,False,,0.008954353113122988,,,
2026-09-07,16730.699218750007,0.01719948183137454,16730.69921875,False,,0.017199481831374253,,,
2026-09-08,17103.699218750015,0.022049460262822507,17103.69921875,False,,0.02204946026282209,,,
2026-09-09,17239.099609374993,0.007885268342448626,17239.099609375,False,,0.00788526834244973,,,
2026-09-10,17094.400390625004,-0.008429089692780778,17094.400390625,False,,-0.008429089692781269,,,
2026-09-11,17247.40039062499,0.008910482783427653,17247.400390625,False,,0.008910482783428427,,,
2026-09-14,17011.800781250007,-0.013754163288885124,17011.80078125,False,,-0.013754163288886092,,,
2026-09-15,16645.099609374993,-0.021791411487816603,16645.099609375,False,,-0.021791411487815788,,,
2026-09-16,15716.00000000001,-0.057436553655012546,15716.0,False,,-0.057436553655013635,,,
2026-09-17,16369.799804687505,0.04075886020994268,16369.7998046875,False,,0.0407588602099429,,,
2026-09-18,16182.099609375007,-0.011532492973083563,16182.099609375,False,,-0.011532492973083773,,,
2026-09-21,16391.400390625007,0.012851161943622458,16391.400390625,False,,0.012851161943622364,,,
2026-09-22,16217.799804687511,-0.010647438450279267,16217.7998046875,False,,-0.010647438450279535,,,
2026-09-23,16370.099609374993,0.009347083811357848,16370.099609375,False,,0.009347083811358889,,,
2026-09-24,15940.400390625005,-0.026599684582325978,15940.400390625,False,,-0.026599684582326782,,,
2026-09-25,15947.0,0.0004139321103870941,15947.0,False,,0.0004139321103875238,,,
2026-09-28,15648.900390625002,-0.018870071828075652,15648.900390625,False,,-0.01887007182807591,,,
2026-09-29,15264.099609375002,-0.024897011481698428,15264.099609375,False,,-0.024897011481698438,,,
2026-09-30,14842.00000000001,-0.0280426409081187,14842.0,False,,-0.028042640908119153,,,
2026-10-01,15218.499999999996,0.025050793495271506,15218.5,False,,0.025050793495272186,,,
