window,est_window,lambda,JB stat,JB p,skew,excess kurtosis,changed_day_ratio,removed_variance_ratio
1,15,1600,24.916351238198075,3.8858235326251225e-06,0.07061320564555607,0.7992183028452944,0.02679528403001072,0.18101068770815532
1,15,14400,51.6611758473134,6.052268692648848e-12,0.0826012946757059,1.1541591351477223,0.02679528403001072,0.1667085250436
1,15,144000,64.98118484378038,7.75380718966345e-15,0.0850400454469648,1.2957529159794632,0.02679528403001072,0.16055783578673855
1,30,1600,34.45660932264692,3.294900870343445e-08,0.10100632708283198,0.9315387440400817,0.02679528403001072,0.1786189778452194
1,30,14400,59.098489216963365,1.4686764197161864e-13,0.08758215099319695,1.2342161646776884,0.02679528403001072,0.16678700139484925
1,30,144000,108.86719863359411,2.28975062683994e-24,0.052779330840821204,1.6864947480014933,0.02679528403001072,0.15374428351507952
1,60,1600,34.78239194743587,2.7996230139297445e-08,0.09695485759958222,0.9378476523060177,0.02679528403001072,0.1785432181938127
1,60,14400,66.47597275107472,3.672196628434921e-15,0.06654655959744811,1.3150786034942694,0.02679528403001072,0.16126250901565775
1,60,144000,115.02005993668926,1.056115291104017e-25,0.052716109853863574,1.733508970727133,0.02679528403001072,0.14793830701233746
2,15,1600,4.7768357921064535,0.09177476629948284,0.13925481496733272,0.22137034922594667,0.05787781350482315,0.24533113748414792
2,15,14400,7.948861150093251,0.018789997942685602,0.1403376910027818,0.3635777355895766,0.05787781350482315,0.2355582710112064
2,15,144000,10.060154130963706,0.006538306673378489,0.14095713652715264,0.4328246764352244,0.05787781350482315,0.23019998069678327
2,30,1600,6.193289539841298,0.04520060668856483,0.14717760534930888,0.27832456009044826,0.05787781350482315,0.24298208390746523
2,30,14400,9.427532862914815,0.00897092549568415,0.1348903101831091,0.4212668107104145,0.05787781350482315,0.2335315975765414
2,30,144000,16.080521002660706,0.000322224999143873,0.11690210981320738,0.6093634466983611,0.05787781350482315,0.2197315424384998
2,60,1600,6.254304151838307,0.04384247967907931,0.145883962818252,0.283996440669541,0.05787781350482315,0.24280355818647004
2,60,14400,10.164199576936321,0.006206862225261929,0.1306695105396522,0.4489045407571628,0.05787781350482315,0.2312756501164588
2,60,144000,16.758506283182605,0.00022958134620037072,0.12278816044292977,0.6192031529856727,0.05787781350482315,0.21778935178724756
3,15,1600,5.782893023783002,0.055495879074771506,0.1932253838096513,-0.0007881951900228223,0.0857449088960343,0.28787179092741677
3,15,14400,5.279298455083722,0.07138630551502997,0.18365243035723547,0.044997518762044386,0.0857449088960343,0.27930103089456637
3,15,144000,5.070514050300085,0.07924134962731161,0.17848403533738882,0.0664104088860431,0.0857449088960343,0.2737811706592649
3,30,1600,5.976879598987606,0.05036595644515016,0.19602639321076346,0.033070406265751195,0.0857449088960343,0.285935196476663
3,30,14400,5.125414289449715,0.07709574833657734,0.17835090001790452,0.07867259477473398,0.0857449088960343,0.2777986346445256
3,30,144000,3.7977021670292297,0.14974055982874107,0.15097793296653575,0.09004531152724349,0.0857449088960343,0.2651215042920736
3,60,1600,5.949819300783719,0.05105204632817096,0.19552592574811462,0.0346295971822701,0.0857449088960343,0.2857568493107929
3,60,14400,5.093645772986869,0.07833013481462751,0.17732895041270005,0.08296306424694899,0.0857449088960343,0.2758894237261694
3,60,144000,3.8833546752591346,0.1434631117750113,0.15290485483670196,0.08926126197733453,0.0857449088960343,0.26361560878212464
5,15,1600,6.332413650840741,0.04216322744322403,0.20170009086573257,0.03592117782478832,0.13933547695605572,0.3324347754281691
5,15,14400,6.0226770969189705,0.04922574359834147,0.196482650108422,0.04078963547556613,0.13933547695605572,0.3256187826578997
5,15,144000,5.648193926413747,0.059362238918364285,0.189562217367279,0.05334514230973575,0.13933547695605572,0.3197657138933542
5,30,1600,6.2139568009196955,0.04473592537643025,0.19953867591603586,0.04223501045236411,0.13933547695605572,0.33069951601011116
5,30,14400,5.549841853287351,0.06235440706698854,0.1862235896622805,0.07497819646175241,0.13933547695605572,0.324122390782289
5,30,144000,5.05125475270316,0.08000810184675582,0.16960785546960774,0.1311421821351786,0.13933547695605572,0.31317242655003474
5,60,1600,6.183995631948471,0.04541114061807498,0.19901517732239798,0.043077814217736154,0.13933547695605572,0.33068667055857914
5,60,14400,5.500897524290347,0.06389917923874817,0.18593222853509164,0.06857032200146795,0.13933547695605572,0.3233008432140676
5,60,144000,5.103417962083395,0.0779483398726156,0.1717383782104511,0.12466491309404049,0.13933547695605572,0.3121798598382658
